OrderID,Date,CustomerID,Product,Quantity,UnitPrice,ShippingAddress,PaymentMethod,OrderStatus,TrackingNumber,ItemsInCart,CouponCode,ReferralSource,TotalPrice,avg_value,ratio,band,cart_conversion,used_coupon,price_tier,order_month,is_weekend
ORD200000,2023-01-04,C72649,Monitor,5,570.62,928 Main St,Debit Card,Shipped,TRK37947903,7,SAVE10,Instagram,2853.1,715.776460399799,0.008762398794293925,Top,0.7142857142857143,1,Luxury,1,0
ORD200001,2024-08-23,C75739,Phone,2,151.35,823 Main St,Online,Shipped,TRK91186779,3,SAVE10,Referral,302.7,95.63761906728335,0.013214403700033036,Low,0.6666666666666666,1,Budget,8,0
ORD200002,2024-02-27,C81728,Tablet,5,550.68,512 Main St,Credit Card,Cancelled,TRK42903982,8,FREESHIP,Email,2753.4,691.0598466138836,0.009079683300646475,Top,0.625,1,Luxury,2,0
ORD200003,2023-10-15,C33540,Chair,1,273.19,275 Main St,Debit Card,Returned,TRK62788070,5,SAVE10,Facebook,273.19,115.07977674268214,0.0036604560928291665,Low,0.2,1,Mid,10,1
ORD200004,2025-05-08,C81840,Printer,4,626.01,668 Main St,Online,Delivered,TRK29241424,8,SAVE10,Email,2504.04,654.5948149457143,0.006389674286353253,High,0.5,1,Luxury,5,0
ORD200005,2023-10-23,C37249,Phone,2,245.86,934 Main St,Credit Card,Shipped,TRK72976927,4,SAVE10,Instagram,491.72,154.91385578513518,0.008134710811030668,Low,0.5,1,Mid,10,0
ORD200006,2025-06-17,C83492,Laptop,1,664.42,986 Main St,Gift Card,Returned,TRK96417362,6,SAVE10,Facebook,664.42,278.3002508453488,0.0015050720929532526,Low,0.16666666666666666,1,Luxury,6,0
ORD200007,2023-05-12,C41460,Monitor,5,149.55,706 Main St,Cash,Shipped,TRK78809193,9,FREESHIP,Facebook,747.75,189.85954495165163,0.033433634236041454,Top,0.5555555555555556,1,Budget,5,0
ORD200008,2025-04-02,C26817,Phone,2,134.28,904 Main St,Gift Card,Cancelled,TRK61042692,2,FREESHIP,Email,268.56,84.76081570846988,0.014894250819183795,Low,1.0,1,Budget,4,0
ORD200009,2023-11-21,C31946,Desk,4,509.38,102 Main St,Credit Card,Shipped,TRK33478363,6,SAVE10,Google,2037.52,532.6888087806091,0.007852683654638972,High,0.6666666666666666,1,Premium,11,0
ORD200010,2023-12-29,C43443,Tablet,5,625.97,333 Main St,Credit Card,Returned,TRK98859248,9,WINTER15,Instagram,3129.85,785.3804979338732,0.007987603239771874,Top,0.5555555555555556,1,Luxury,12,0
ORD200011,2024-02-17,C93861,Monitor,3,49.14,831 Main St,Online,Returned,TRK48234646,7,SAVE10,Email,147.42,43.03871161831828,0.06105006105006105,Mid,0.42857142857142855,1,Budget,2,1
ORD200012,2024-10-15,C38785,Monitor,2,180.5,179 Main St,Debit Card,Pending,TRK20419991,6,FREESHIP,Referral,361.0,114.481013388735,0.0110803324099723,Low,0.3333333333333333,1,Budget,10,0
ORD200013,2023-08-30,C88348,Laptop,3,201.49,903 Main St,Credit Card,Returned,TRK81913874,4,FREESHIP,Facebook,604.47,169.36914817939683,0.014889076380961834,Mid,0.75,1,Mid,8,0
ORD200014,2023-03-27,C98474,Tablet,2,393.33,980 Main St,Debit Card,Pending,TRK79186539,3,SAVE10,Instagram,786.66,246.8737641314757,0.005084788854142832,Low,0.6666666666666666,1,Premium,3,0
ORD200015,2023-07-17,C39416,Printer,1,473.96,942 Main St,Cash,Delivered,TRK54930938,3,FREESHIP,Google,473.96,198.31701831378174,0.002109882690522407,Low,0.3333333333333333,1,Premium,7,0
ORD200016,2023-01-24,C28976,Printer,2,533.81,914 Main St,Credit Card,Pending,TRK13194259,3,FREESHIP,Email,1067.62,334.67354110857167,0.003746651430284184,Low,0.6666666666666666,1,Luxury,1,0
ORD200017,2024-03-02,C60672,Tablet,1,423.4,382 Main St,Debit Card,Shipped,TRK11972116,3,FREESHIP,Referral,423.4,177.25039363879705,0.0023618327822390174,Low,0.3333333333333333,1,Premium,3,1
ORD200018,2025-03-26,C84329,Desk,1,431.44,891 Main St,Gift Card,Pending,TRK65191045,3,SAVE10,Facebook,431.44,180.60038630323257,0.0023178193955127016,Low,0.3333333333333333,1,Premium,3,0
ORD200019,2023-01-23,C14552,Monitor,5,224.0,273 Main St,Cash,Returned,TRK59101365,9,SAVE10,Google,1120.0,282.92038690476187,0.022321428571428572,Top,0.5555555555555556,1,Mid,1,0
ORD200020,2023-05-08,C54829,Chair,5,62.51,587 Main St,Cash,Pending,TRK16718651,9,WINTER15,Instagram,312.55,81.05954495165162,0.07998720204767237,Top,0.5555555555555556,1,Budget,5,0
ORD200021,2024-11-17,C99023,Monitor,4,342.95,569 Main St,Cash,Delivered,TRK52646983,6,FREESHIP,Google,1371.8,359.3248605846333,0.011663507799970841,High,0.6666666666666666,1,Mid,11,1
ORD200022,2023-01-29,C34416,Monitor,2,49.62,633 Main St,Online,Pending,TRK75937350,2,SAVE10,Google,99.24,31.851211618318285,0.04030632809351068,Low,1.0,1,Budget,1,1
ORD200023,2025-04-09,C42372,Phone,4,273.25,755 Main St,Debit Card,Cancelled,TRK36168083,5,FREESHIP,Referral,1093.0,286.5128564348887,0.01463860933211345,High,0.8,1,Mid,4,0
ORD200024,2024-10-30,C17470,Laptop,2,230.95,956 Main St,Online,Delivered,TRK28775057,3,WINTER15,Referral,461.9,145.38685998051525,0.008659883091578264,Low,0.6666666666666666,1,Mid,10,0
ORD200025,2024-07-24,C42577,Monitor,1,399.98,709 Main St,Debit Card,Delivered,TRK69423327,3,WINTER15,Email,399.98,167.4920833541677,0.0025001250062503125,Low,0.3333333333333333,1,Premium,7,0
ORD200026,2024-03-06,C21944,Laptop,5,59.55,296 Main St,Online,Delivered,TRK80276812,6,FREESHIP,Referral,297.75,76.73454495165161,0.08396305625524769,Top,0.8333333333333334,1,Budget,3,0
ORD200027,2024-02-22,C97593,Printer,1,472.74,881 Main St,Online,Shipped,TRK89117573,6,WINTER15,Google,472.74,198.43368588794405,0.002115327664255193,Low,0.16666666666666666,1,Premium,2,0
ORD200028,2023-11-21,C59823,Phone,4,160.07,568 Main St,Online,Pending,TRK65895539,5,FREESHIP,Email,640.28,168.6187481778805,0.02498906728306366,High,0.8,1,Budget,11,0
ORD200029,2024-09-20,C33260,Desk,3,423.53,930 Main St,Credit Card,Delivered,TRK59744090,6,SAVE10,Referral,1270.59,354.8178472205825,0.007083323495384035,Mid,0.5,1,Premium,9,0
ORD200030,2025-03-22,C44267,Monitor,2,426.7,895 Main St,Online,Pending,TRK54751444,5,SAVE10,Referral,853.4,268.14661452230297,0.004687133817670494,Low,0.4,1,Premium,3,1
ORD200031,2023-06-30,C26445,Chair,3,500.08,996 Main St,Debit Card,Returned,TRK31229981,6,FREESHIP,Facebook,1500.24,418.60933317335895,0.005999040153575428,Mid,0.5,1,Premium,6,0
ORD200032,2023-05-01,C12388,Tablet,5,536.72,830 Main St,Cash,Delivered,TRK99261395,10,FREESHIP,Email,2683.6,674.0265526407313,0.00931584438813534,Top,0.5,1,Luxury,5,0
ORD200033,2023-06-05,C52184,Chair,1,162.77,912 Main St,Online,Cancelled,TRK73312471,4,WINTER15,Facebook,162.77,68.86352393971043,0.006143638262579099,Low,0.25,1,Budget,6,0
ORD200034,2023-01-07,C67195,Chair,4,576.52,926 Main St,Credit Card,Pending,TRK55467915,5,WINTER15,Facebook,2306.08,602.4178230301349,0.0069381808089918826,High,0.8,1,Luxury,1,1
ORD200035,2024-12-07,C50304,Monitor,2,465.15,128 Main St,Online,Shipped,TRK46850888,2,SAVE10,Facebook,930.3,291.5527999480454,0.004299688272600237,Low,1.0,1,Premium,12,1
ORD200036,2025-05-08,C59337,Laptop,2,534.43,465 Main St,Debit Card,Pending,TRK50961250,5,FREESHIP,Facebook,1068.86,335.4777070508143,0.0037423048855790286,Low,0.4,1,Luxury,5,0
ORD200037,2024-10-14,C10054,Laptop,2,76.74,409 Main St,Cash,Returned,TRK94005261,7,SAVE10,Instagram,153.48,49.84184367127096,0.026062027625749284,Low,0.2857142857142857,1,Budget,10,0
ORD200038,2024-12-19,C15924,Laptop,1,245.89,549 Main St,Debit Card,Delivered,TRK14835975,3,SAVE10,Google,245.89,103.28817780986077,0.004066859164667128,Low,0.3333333333333333,1,Mid,12,0
ORD200039,2025-02-27,C96664,Printer,3,256.46,666 Main St,Credit Card,Delivered,TRK85508960,4,SAVE10,Referral,769.3799999999999,215.17694962177336,0.011697730640255791,Mid,0.75,1,Mid,2,0
ORD200040,2023-08-20,C84766,Desk,2,344.02,267 Main St,Online,Delivered,TRK78967923,4,FREESHIP,Instagram,688.04,216.26346893591457,0.005813615487471659,Low,0.5,1,Mid,8,1
ORD200041,2023-12-05,C20212,Monitor,3,611.45,657 Main St,Gift Card,Pending,TRK69733327,4,FREESHIP,Instagram,1834.35,511.0008177283507,0.0049063701038515005,Mid,0.75,1,Luxury,12,0
ORD200042,2024-05-06,C28712,Printer,2,151.66,980 Main St,Cash,Cancelled,TRK40772558,6,FREESHIP,Instagram,303.32,96.4563645654754,0.013187392852433075,Low,0.3333333333333333,1,Budget,5,0
ORD200043,2023-12-14,C60572,Chair,3,499.21,871 Main St,Online,Cancelled,TRK20351666,8,FREESHIP,Instagram,1497.63,418.3010015825004,0.006009495002103324,Mid,0.375,1,Premium,12,0
ORD200044,2025-04-21,C73225,Phone,2,550.18,996 Main St,Gift Card,Returned,TRK73848522,3,FREESHIP,Referral,1100.36,344.9047725289906,0.003635173943073176,Low,0.6666666666666666,1,Luxury,4,0
ORD200045,2024-02-10,C17388,Chair,1,317.25,157 Main St,Debit Card,Returned,TRK47077395,1,SAVE10,Facebook,317.25,132.60469201470974,0.0031520882584712374,Low,1.0,1,Mid,2,1
ORD200046,2024-06-26,C43212,Monitor,4,550.14,223 Main St,Debit Card,Pending,TRK25100762,4,FREESHIP,Instagram,2200.56,574.7303784794174,0.007270876504162577,High,1.0,1,Luxury,6,0
ORD200047,2023-07-19,C38134,Desk,2,209.94,323 Main St,Credit Card,Returned,TRK42450754,3,FREESHIP,Email,419.88,132.2557544218983,0.00952653138992093,Low,0.6666666666666666,1,Mid,7,0
ORD200048,2023-08-26,C12408,Monitor,2,80.77,464 Main St,Debit Card,Shipped,TRK38938858,4,FREESHIP,Google,161.54,51.73537694482275,0.02476166893648632,Low,0.5,1,Budget,8,1
ORD200049,2023-10-07,C11985,Printer,1,30.44,633 Main St,Credit Card,Shipped,TRK53272402,1,SAVE10,Email,30.44,13.105378284984951,0.0328515111695138,Low,1.0,1,Budget,10,1
ORD200050,2023-07-31,C96494,Tablet,1,179.22,446 Main St,Online,Cancelled,TRK14675049,6,FREESHIP,Instagram,179.22,76.13426328906745,0.005579734404642339,Low,0.16666666666666666,1,Budget,7,0
ORD200051,2024-12-30,C36778,Tablet,1,388.33,434 Main St,Cash,Returned,TRK67610289,2,SAVE10,Facebook,388.33,162.42959585490004,0.0025751294002523627,Low,0.5,1,Premium,12,0
ORD200052,2024-09-08,C30513,Tablet,1,586.44,232 Main St,Online,Returned,TRK64320429,5,SAVE10,Facebook,586.44,245.60028420071396,0.00170520428347316,Low,0.2,1,Luxury,9,1
ORD200053,2024-05-18,C67551,Phone,4,488.78,512 Main St,Online,Returned,TRK94992552,5,FREESHIP,Google,1955.12,511.0221972734835,0.008183640901837227,High,0.8,1,Premium,5,1
ORD200054,2025-03-27,C48120,Chair,1,280.25,623 Main St,Online,Pending,TRK11014449,5,WINTER15,Email,280.25,118.02142804044009,0.003568242640499554,Low,0.2,1,Mid,3,0
ORD200055,2025-06-24,C95984,Printer,3,344.4,565 Main St,Online,Cancelled,TRK67434829,3,FREESHIP,Facebook,1033.2,288.2514518002323,0.008710801393728224,Mid,1.0,1,Mid,6,0
ORD200056,2023-05-21,C54298,Tablet,3,479.21,566 Main St,Cash,Cancelled,TRK62902341,5,WINTER15,Referral,1437.63,401.0093767172361,0.006260303416038898,Mid,0.6,1,Premium,5,1
ORD200057,2023-01-22,C88036,Printer,5,314.27,842 Main St,Cash,Returned,TRK52470128,6,SAVE10,Instagram,1571.35,395.1318183144005,0.01590988640341108,Top,0.8333333333333334,1,Mid,1,1
ORD200058,2023-01-15,C60190,Phone,4,474.69,202 Main St,Gift Card,Cancelled,TRK70857868,6,SAVE10,Google,1898.76,496.5534877586776,0.008426552065558575,High,0.6666666666666666,1,Premium,1,1
ORD200059,2024-09-11,C97603,Chair,4,593.27,811 Main St,Online,Shipped,TRK47055028,5,FREESHIP,Facebook,2373.08,619.8657070487861,0.006742292716638293,High,0.8,1,Luxury,9,0
ORD200060,2024-08-21,C39256,Desk,1,417.1,634 Main St,Debit Card,Returned,TRK23412025,3,FREESHIP,Referral,417.1,174.6253995844322,0.002397506593143131,Low,0.3333333333333333,1,Premium,8,0
ORD200061,2024-03-24,C61618,Desk,4,122.2,104 Main St,Cash,Delivered,TRK43458485,7,FREESHIP,Facebook,488.8,129.58871161831829,0.03273322422258593,High,0.5714285714285714,1,Budget,3,1
ORD200062,2023-08-22,C36497,Desk,2,43.15,691 Main St,Debit Card,Pending,TRK12102911,3,WINTER15,Email,86.3,28.015794951651618,0.046349942062572425,Low,0.6666666666666666,1,Budget,8,0
ORD200063,2025-02-02,C96695,Chair,1,564.86,813 Main St,Debit Card,Shipped,TRK64283851,6,WINTER15,Referral,564.86,236.81696172502924,0.0017703501752646673,Low,0.16666666666666666,1,Luxury,2,1
ORD200064,2025-06-25,C49720,Printer,3,130.61,752 Main St,Debit Card,Cancelled,TRK55785217,4,FREESHIP,Facebook,391.83,110.30382819079705,0.022969144782175942,Mid,0.75,1,Budget,6,0
ORD200065,2023-12-30,C97735,Monitor,5,81.7,385 Main St,Credit Card,Delivered,TRK13743703,6,FREESHIP,Instagram,408.5,104.42204495165161,0.06119951040391677,Top,0.8333333333333334,1,Budget,12,1
ORD200066,2024-11-15,C18104,Chair,5,127.18,715 Main St,Cash,Cancelled,TRK15488568,9,SAVE10,Referral,635.9000000000001,161.89704495165162,0.03931435760339676,Top,0.5555555555555556,1,Budget,11,0
ORD200067,2024-12-09,C25587,Printer,4,12.1,440 Main St,Debit Card,Cancelled,TRK55105323,8,FREESHIP,Google,48.4,15.10954495165162,0.3305785123966942,High,0.5,1,Budget,12,0
ORD200068,2023-12-11,C41598,Chair,3,490.92,709 Main St,Credit Card,Pending,TRK81665940,5,FREESHIP,Email,1472.76,410.7676851625519,0.006110975311659741,Mid,0.6,1,Premium,12,0
ORD200069,2023-05-11,C43338,Monitor,3,478.65,552 Main St,Online,Shipped,TRK35241775,4,FREESHIP,Referral,1435.95,400.3343779379505,0.006267627702914448,Mid,0.75,1,Premium,5,0
ORD200070,2023-05-26,C25123,Desk,1,629.21,384 Main St,Gift Card,Pending,TRK27812282,2,FREESHIP,Instagram,629.21,262.796098215752,0.0015892945121660494,Low,0.5,1,Luxury,5,0
ORD200071,2025-06-10,C37454,Monitor,3,434.45,923 Main St,Credit Card,Pending,TRK28252730,4,FREESHIP,Referral,1303.35,363.5011508804235,0.0069052825411439755,Mid,0.75,1,Premium,6,0
ORD200072,2024-12-22,C19451,Tablet,4,589.44,942 Main St,Gift Card,Returned,TRK87787793,5,FREESHIP,Facebook,2357.76,615.8761310170106,0.006786102062975027,High,0.8,1,Luxury,12,1
ORD200073,2023-05-03,C17269,Monitor,4,433.45,129 Main St,Gift Card,Cancelled,TRK79608389,4,FREESHIP,Facebook,1733.8,453.1786213807821,0.009228284692582767,High,1.0,1,Premium,5,0
ORD200074,2023-06-24,C25382,Phone,5,90.87,622 Main St,Cash,Pending,TRK64691287,5,FREESHIP,Instagram,454.35,115.67621161831829,0.055023660173874764,Top,1.0,1,Budget,6,1
ORD200075,2023-09-26,C80651,Tablet,3,398.17,917 Main St,Debit Card,Delivered,TRK14846720,5,SAVE10,Email,1194.51,333.47625574503354,0.007534470201170354,Mid,0.6,1,Premium,9,0
ORD200076,2024-03-31,C58638,Laptop,4,382.88,239 Main St,Cash,Cancelled,TRK38224871,6,WINTER15,Email,1531.52,400.91840785624737,0.010447137484329294,High,0.6666666666666666,1,Premium,3,1
ORD200077,2024-05-24,C50121,Phone,1,583.18,348 Main St,Credit Card,Returned,TRK79810059,5,FREESHIP,Google,583.18,244.24195245607413,0.0017147364450084024,Low,0.2,1,Luxury,5,0
ORD200078,2024-08-06,C32029,Printer,4,175.36,146 Main St,Debit Card,Delivered,TRK68535532,4,FREESHIP,Instagram,701.44,184.33713503649633,0.02281021897810219,High,1.0,1,Budget,8,0
ORD200079,2025-03-10,C76700,Tablet,2,311.91,103 Main St,Online,Shipped,TRK13036341,2,FREESHIP,Facebook,623.82,195.778152017676,0.00641210605623417,Low,1.0,1,Mid,3,0
ORD200080,2023-06-27,C29041,Phone,3,589.56,591 Main St,Online,Returned,TRK28840655,6,FREESHIP,Facebook,1768.68,493.17584809010106,0.00508854060655404,Mid,0.5,1,Luxury,6,0
ORD200081,2023-06-08,C29314,Monitor,2,394.3,496 Main St,Cash,Shipped,TRK59876213,6,FREESHIP,Email,788.6,248.105012046665,0.00507227998985544,Low,0.3333333333333333,1,Premium,6,0
ORD200082,2024-01-05,C65799,Tablet,4,565.2,971 Main St,Debit Card,Shipped,TRK66906607,9,SAVE10,Google,2260.8,591.4595128568059,0.007077140835102618,High,0.4444444444444444,1,Luxury,1,0
ORD200083,2023-08-22,C15681,Laptop,4,540.41,989 Main St,Credit Card,Cancelled,TRK75112172,6,FREESHIP,Referral,2161.64,565.0116502979218,0.007401787531688903,High,0.6666666666666666,1,Luxury,8,0
ORD200084,2023-08-28,C64160,Monitor,2,165.49,967 Main St,Online,Shipped,TRK34121529,4,WINTER15,Instagram,330.98,104.683264220396,0.01208532237597438,Low,0.5,1,Budget,8,0
ORD200085,2024-09-09,C14553,Tablet,3,146.73,768 Main St,Cash,Delivered,TRK93538334,8,FREESHIP,Email,440.1899999999999,124.5700742861037,0.020445716622367615,Mid,0.375,1,Budget,9,0
ORD200086,2024-06-19,C88205,Printer,5,643.03,447 Main St,Online,Cancelled,TRK93504166,5,FREESHIP,Referral,3215.15,805.8721292811638,0.007775686981944855,Top,1.0,1,Luxury,6,0
ORD200087,2024-10-10,C91245,Tablet,3,225.11,915 Main St,Cash,Shipped,TRK46976391,4,SAVE10,Facebook,675.33,189.05222113633337,0.013326818000088845,Mid,0.75,1,Mid,10,0
ORD200088,2025-06-05,C75439,Desk,3,114.81,318 Main St,Gift Card,Cancelled,TRK19831653,7,FREESHIP,Google,344.43,97.76268835467293,0.026130128037627383,Mid,0.42857142857142855,1,Budget,6,0
ORD200089,2025-02-25,C17181,Printer,5,455.33,291 Main St,Credit Card,Cancelled,TRK78912978,8,FREESHIP,Google,2276.65,571.8726635077855,0.01098104671337272,Top,0.625,1,Premium,2,0
ORD200090,2023-09-18,C36540,Chair,4,182.08,611 Main St,Gift Card,Delivered,TRK35828122,4,SAVE10,Email,728.32,191.33699472759227,0.02196836555360281,High,1.0,1,Budget,9,0
ORD200091,2023-03-15,C98216,Laptop,5,492.75,196 Main St,Cash,Shipped,TRK40986666,6,WINTER15,Referral,2463.75,618.2308578555725,0.010147133434804667,Top,0.8333333333333334,1,Premium,3,0
ORD200092,2024-06-10,C29568,Printer,4,48.61,203 Main St,Online,Shipped,TRK46531075,7,FREESHIP,Facebook,194.44,52.932461618318285,0.0822875951450319,High,0.5714285714285714,1,Budget,6,0
ORD200093,2023-01-14,C97262,Desk,4,431.01,837 Main St,Credit Card,Returned,TRK65990229,7,FREESHIP,Referral,1724.04,451.26196342118897,0.009280527133941207,High,0.5714285714285714,1,Premium,1,1
ORD200094,2023-02-11,C79821,Chair,1,531.18,781 Main St,Gift Card,Returned,TRK12780193,6,WINTER15,Instagram,531.18,222.78364710016692,0.001882601001543733,Low,0.16666666666666666,1,Luxury,2,1
ORD200095,2023-03-24,C76761,Printer,4,117.51,839 Main St,Debit Card,Returned,TRK60179774,7,FREESHIP,Referral,470.04,124.70329495165161,0.034039656199472385,High,0.5714285714285714,1,Budget,3,0
ORD200096,2024-06-01,C93007,Phone,2,232.83,103 Main St,Gift Card,Delivered,TRK85696091,7,FREESHIP,Instagram,465.66,147.3951816597231,0.008589958338702058,Low,0.2857142857142857,1,Mid,6,1
ORD200097,2025-01-21,C15624,Tablet,5,619.52,922 Main St,Debit Card,Pending,TRK40621141,9,FREESHIP,Email,3097.6,777.318011794077,0.008070764462809918,Top,0.5555555555555556,1,Luxury,1,0
ORD200098,2023-01-14,C70921,Printer,2,228.54,533 Main St,Debit Card,Pending,TRK54983109,3,FREESHIP,Email,457.08,143.8806252005484,0.008751203290452437,Low,0.6666666666666666,1,Mid,1,1
ORD200099,2025-04-12,C30477,Printer,1,201.58,717 Main St,Debit Card,Cancelled,TRK51829648,2,WINTER15,Email,201.58,84.61749346826737,0.004960809604127393,Low,0.5,1,Mid,4,1
ORD200100,2023-02-17,C74866,Phone,3,664.79,743 Main St,Online,Delivered,TRK53783265,6,FREESHIP,Facebook,1994.37,555.8674187838766,0.004512703259675988,Mid,0.5,1,Luxury,2,0
ORD200101,2023-11-25,C15283,Printer,1,381.02,152 Main St,Cash,Shipped,TRK19286291,6,FREESHIP,Google,381.02,160.2171040890242,0.002624534145189229,Low,0.16666666666666666,1,Premium,11,1
ORD200102,2023-03-08,C18037,Laptop,2,70.34,944 Main St,Gift Card,Cancelled,TRK47362236,3,FREESHIP,Email,140.68,45.00890555397593,0.028433323855558714,Low,0.6666666666666666,1,Budget,3,0
ORD200103,2025-01-25,C62656,Phone,4,218.43,514 Main St,Credit Card,Cancelled,TRK86296459,9,SAVE10,Email,873.72,230.24263541714356,0.018312502861328572,High,0.4444444444444444,1,Mid,1,1
ORD200104,2024-07-30,C65744,Phone,1,582.04,647 Main St,Gift Card,Delivered,TRK39906058,1,FREESHIP,Email,582.04,242.93361968249602,0.0017180949762902894,Low,1.0,1,Luxury,7,0
ORD200105,2024-10-24,C72290,Printer,3,185.4,810 Main St,Gift Card,Cancelled,TRK68792129,7,FREESHIP,Facebook,556.2,156.58603020496224,0.016181229773462782,Mid,0.42857142857142855,1,Budget,10,0
ORD200106,2023-09-08,C73514,Desk,3,465.05,126 Main St,Credit Card,Cancelled,TRK96777924,3,SAVE10,Email,1395.15,388.792741819876,0.006450919255993979,Mid,1.0,1,Premium,9,0
ORD200107,2023-03-27,C16775,Printer,5,670.75,848 Main St,Gift Card,Shipped,TRK34392124,8,FREESHIP,Instagram,3330.4075,836.284054890359,0.007454342154304882,Top,0.625,1,Luxury,3,0
ORD200108,2024-12-28,C33099,Laptop,5,48.38,522 Main St,Gift Card,Delivered,TRK28522330,9,WINTER15,Email,241.9,63.39704495165162,0.10334849111202976,Top,0.5555555555555556,1,Budget,12,1
ORD200109,2023-09-17,C51157,Desk,3,592.87,131 Main St,Gift Card,Shipped,TRK18674578,3,FREESHIP,Referral,1778.61,495.30917668853766,0.005060131226069796,Mid,1.0,1,Luxury,9,1
ORD200110,2024-04-21,C74562,Tablet,1,220.77,388 Main St,Gift Card,Pending,TRK32062079,5,FREESHIP,Instagram,220.77,93.23825493349038,0.004529600942156996,Low,0.2,1,Mid,4,1
ORD200111,2025-05-07,C95271,Desk,3,309.22,620 Main St,Online,Cancelled,TRK74904969,7,FREESHIP,Google,927.6600000000001,259.768283638402,0.009701830412004397,Mid,0.42857142857142855,1,Mid,5,0
ORD200112,2023-01-01,C81366,Monitor,1,410.6,423 Main St,Online,Cancelled,TRK17062206,2,WINTER15,Referral,410.6,171.70873924338366,0.0024354603019970775,Low,0.5,1,Premium,1,1
ORD200113,2024-01-17,C65905,Laptop,5,190.08,605 Main St,Cash,Shipped,TRK73954365,9,FREESHIP,Instagram,950.4000000000001,240.5210507856341,0.026304713804713803,Top,0.5555555555555556,1,Mid,1,0
ORD200114,2025-01-27,C77272,Monitor,5,498.48,115 Main St,Online,Pending,TRK29708128,8,SAVE10,Google,2492.4,625.8100050821164,0.010030492697801315,Top,0.625,1,Premium,1,0
ORD200115,2023-11-27,C32580,Phone,5,374.99,122 Main St,Online,Shipped,TRK23670394,9,SAVE10,Facebook,1874.95,471.65638894814975,0.013333688898370622,Top,0.5555555555555556,1,Premium,11,0
ORD200116,2023-03-19,C47761,Printer,4,291.35,109 Main St,Credit Card,Cancelled,TRK66669207,6,WINTER15,Facebook,1165.4,305.5752048652823,0.013729191693839024,High,0.6666666666666666,1,Mid,3,1
ORD200117,2023-03-08,C49187,Tablet,1,535.5,593 Main St,Gift Card,Cancelled,TRK81888598,5,WINTER15,Referral,535.5,224.37531123560538,0.0018674136321195146,Low,0.2,1,Luxury,3,0
ORD200118,2023-10-09,C27898,Printer,5,502.71,807 Main St,Gift Card,Shipped,TRK61957665,7,FREESHIP,Google,2513.55,630.8891576820301,0.009946092180382329,Top,0.7142857142857143,1,Premium,10,0
ORD200119,2025-06-11,C14683,Desk,2,534.67,187 Main St,Debit Card,Shipped,TRK47373682,7,FREESHIP,Referral,1069.34,336.0443734375097,0.003740625058447267,Low,0.2857142857142857,1,Luxury,6,0
ORD200120,2023-04-11,C58108,Tablet,4,629.34,986 Main St,Cash,Cancelled,TRK66218053,4,WINTER15,Instagram,2517.36,657.2302259774791,0.006355864874312772,High,1.0,1,Luxury,4,0
ORD200121,2023-11-30,C89822,Desk,1,410.78,673 Main St,Cash,Cancelled,TRK24138598,1,FREESHIP,Instagram,410.78,171.5754057321843,0.0024343931057987244,Low,1.0,1,Premium,11,0
ORD200122,2024-04-15,C96787,Laptop,2,533.02,588 Main St,Gift Card,Shipped,TRK30422853,2,FREESHIP,Facebook,1066.04,333.97145870073666,0.003752204420096807,Low,1.0,1,Luxury,4,0
ORD200123,2023-07-06,C86064,Desk,3,278.04,727 Main St,Online,Delivered,TRK62182901,5,FREESHIP,Instagram,834.1200000000001,233.3684649690692,0.010789814415192058,Mid,0.6,1,Mid,7,0
ORD200124,2024-07-28,C97148,Printer,4,283.79,563 Main St,Online,Pending,TRK85321126,8,FREESHIP,Google,1135.16,298.11693248822485,0.014094929349166636,High,0.5,1,Mid,7,1
ORD200125,2024-11-06,C91099,Phone,2,512.65,758 Main St,Credit Card,Shipped,TRK81846174,5,SAVE10,Email,1025.3,321.86523354953016,0.0039012971813127866,Low,0.4,1,Premium,11,0
ORD200126,2025-05-03,C55606,Desk,4,275.5,353 Main St,Gift Card,Shipped,TRK68250319,8,FREESHIP,Google,1102.0,289.4815865093769,0.014519056261343012,High,0.5,1,Mid,5,1
ORD200127,2023-08-10,C71486,Desk,3,469.32,365 Main St,Debit Card,Shipped,TRK73929833,3,FREESHIP,Google,1407.96,392.3510653711753,0.0063922270519048835,Mid,1.0,1,Premium,8,0
ORD200128,2023-02-17,C86408,Tablet,4,21.07,244 Main St,Gift Card,Delivered,TRK41432648,4,FREESHIP,Google,84.28,23.619961618318285,0.18984337921214997,High,1.0,1,Budget,2,0
ORD200129,2023-10-27,C52751,Laptop,4,263.93,427 Main St,Debit Card,Shipped,TRK72481234,4,FREESHIP,Facebook,1055.72,276.59627592227736,0.015155533664229151,High,1.0,1,Mid,10,0
ORD200130,2025-01-22,C29059,Desk,3,501.3,513 Main St,Online,Cancelled,TRK88360704,3,WINTER15,Facebook,1503.9,419.0009974067425,0.005984440454817474,Mid,1.0,1,Premium,1,0
ORD200131,2023-01-08,C72862,Tablet,1,84.8,606 Main St,Gift Card,Pending,TRK51648833,5,FREESHIP,Instagram,84.8,36.58529874213836,0.01179245283018868,Low,0.2,1,Budget,1,1
ORD200132,2023-03-28,C96257,Tablet,4,450.75,583 Main St,Credit Card,Shipped,TRK13137948,6,WINTER15,Email,1803.0,471.6160623497874,0.00887409872434831,High,0.6666666666666666,1,Premium,3,0
ORD200133,2025-06-20,C87432,Chair,4,302.05,636 Main St,Debit Card,Cancelled,TRK68969625,6,SAVE10,Google,1208.2,316.7209571400982,0.013242840589306406,High,0.6666666666666666,1,Mid,6,0
ORD200134,2025-06-23,C16253,Laptop,2,199.7,583 Main St,Cash,Pending,TRK17354894,4,FREESHIP,Email,399.4,126.06416917042229,0.010015022533800702,Low,0.5,1,Mid,6,0
ORD200135,2023-08-04,C79909,Printer,2,68.81,642 Main St,Gift Card,Shipped,TRK86742257,5,SAVE10,Referral,137.62,44.4694275904665,0.02906554279901177,Low,0.4,1,Budget,8,0
ORD200136,2024-04-27,C73370,Laptop,1,44.35,595 Main St,Gift Card,Cancelled,TRK67820278,1,SAVE10,Instagram,44.35,18.899591319052988,0.02254791431792559,Low,1.0,1,Budget,4,1
ORD200137,2024-11-26,C50682,Monitor,2,250.98,598 Main St,Credit Card,Delivered,TRK12242337,5,FREESHIP,Google,501.96,158.32216146040855,0.00796876245119133,Low,0.4,1,Mid,11,0
ORD200138,2023-12-21,C21905,Tablet,1,298.06,478 Main St,Debit Card,Pending,TRK31863841,3,WINTER15,Google,298.06,125.02555917153147,0.003355029188753942,Low,0.3333333333333333,1,Mid,12,0
ORD200139,2023-04-10,C61440,Phone,1,583.9,714 Main St,Cash,Returned,TRK33114521,1,FREESHIP,Email,583.9,243.70861877033738,0.0017126220243192328,Low,1.0,1,Luxury,4,0
ORD200140,2025-05-31,C33110,Chair,3,528.14,388 Main St,Online,Delivered,TRK38624225,3,FREESHIP,Email,1584.42,441.36761338533967,0.005680312038474647,Mid,1.0,1,Luxury,5,1
ORD200141,2023-11-18,C80004,Printer,3,684.14,151 Main St,Cash,Cancelled,TRK66230753,3,WINTER15,Instagram,2052.42,571.3673975112306,0.004385067383868799,Mid,1.0,1,Luxury,11,1
ORD200142,2023-09-06,C86374,Desk,5,272.77,573 Main St,Cash,Pending,TRK79451491,7,WINTER15,Email,1363.85,343.4655550769268,0.018330461561022107,Top,0.7142857142857143,1,Mid,9,0
ORD200143,2024-06-13,C66521,Chair,4,400.07,933 Main St,Online,Shipped,TRK34654244,5,FREESHIP,Referral,1600.28,418.6162497083844,0.009998250306196416,High,0.8,1,Premium,6,0
ORD200144,2023-08-04,C63365,Desk,5,219.78,895 Main St,Credit Card,Pending,TRK80100887,8,FREESHIP,Facebook,1098.9,277.43712500379166,0.02275002275002275,Top,0.625,1,Mid,8,0
ORD200145,2024-03-02,C85929,Printer,3,146.91,798 Main St,Credit Card,Delivered,TRK29318610,6,FREESHIP,Google,440.73,124.3034034442856,0.02042066571370227,Mid,0.5,1,Budget,3,1
ORD200146,2025-04-30,C84645,Tablet,2,411.49,404 Main St,Credit Card,Returned,TRK68893369,4,FREESHIP,Instagram,822.98,258.4320600642381,0.004860385428564485,Low,0.5,1,Premium,4,0
ORD200147,2025-05-06,C46316,Laptop,2,465.18,893 Main St,Credit Card,Cancelled,TRK16196000,2,SAVE10,Google,930.36,291.5715499018301,0.0042994109806956445,Low,1.0,1,Premium,5,0
ORD200148,2024-12-15,C35100,Phone,2,319.91,139 Main St,Credit Card,Cancelled,TRK56853491,3,WINTER15,Google,639.82,200.98645862638446,0.0062517583070238495,Low,0.6666666666666666,1,Mid,12,1
ORD200149,2023-12-27,C39671,Laptop,1,217.56,174 Main St,Debit Card,Delivered,TRK47153818,3,FREESHIP,Facebook,217.56,91.48409940552797,0.004596433167861739,Low,0.3333333333333333,1,Mid,12,0
ORD200150,2023-12-13,C25503,Phone,2,105.57,981 Main St,Debit Card,Returned,TRK29878837,5,WINTER15,Google,211.14,67.44274079599633,0.01894477597802406,Low,0.4,1,Budget,12,0
ORD200151,2023-12-01,C32960,Printer,5,444.76,947 Main St,Debit Card,Returned,TRK91226500,7,FREESHIP,Email,2223.8,558.4518736696947,0.011242018167101358,Top,0.7142857142857143,1,Premium,12,0
ORD200152,2025-01-02,C77736,Chair,2,399.04,659 Main St,Cash,Cancelled,TRK90329250,3,FREESHIP,Referral,798.08,250.44250200481156,0.005012028869286287,Low,0.6666666666666666,1,Premium,1,0
ORD200153,2024-12-18,C71570,Chair,4,534.48,437 Main St,Online,Returned,TRK95992269,9,WINTER15,Instagram,2137.92,559.459580651599,0.0074839095943721,High,0.4444444444444444,1,Luxury,12,0
ORD200154,2023-07-20,C73587,Phone,4,408.21,727 Main St,Credit Card,Pending,TRK13955543,9,FREESHIP,Instagram,1632.84,427.9287164796713,0.00979887802846574,High,0.4444444444444444,1,Premium,7,0
ORD200155,2023-02-27,C62740,Phone,1,424.4,446 Main St,Online,Shipped,TRK20706408,6,WINTER15,Referral,424.4,178.29205937794532,0.0023562676720075403,Low,0.16666666666666666,1,Premium,2,0
ORD200156,2024-11-08,C58808,Chair,2,269.83,651 Main St,Online,Delivered,TRK24451893,4,SAVE10,Email,539.66,169.8949853457115,0.0074120742689841755,Low,0.5,1,Mid,11,0
ORD200157,2025-02-21,C50422,Monitor,2,564.58,636 Main St,Online,Returned,TRK71227815,4,WINTER15,Facebook,1129.16,354.11309040938994,0.0035424563392256188,Low,0.5,1,Luxury,2,0
ORD200158,2024-05-16,C23334,Tablet,1,331.06,737 Main St,Credit Card,Pending,TRK46335144,5,WINTER15,Instagram,331.06,139.19217010008256,0.0030206004953784813,Low,0.2,1,Mid,5,0
ORD200159,2023-10-31,C48965,Printer,1,299.35,819 Main St,Credit Card,Cancelled,TRK50921780,5,WINTER15,Email,299.35,125.97972342853961,0.003340571237681643,Low,0.2,1,Mid,10,0
ORD200160,2023-02-17,C38669,Monitor,4,101.32,240 Main St,Cash,Pending,TRK81738254,7,FREESHIP,Referral,405.28,107.83871161831826,0.03947887879984209,High,0.5714285714285714,1,Budget,2,0
ORD200161,2024-03-29,C35091,Monitor,1,211.14,513 Main St,Credit Card,Cancelled,TRK53784452,1,SAVE10,Facebook,211.14,88.3924560323324,0.004736193994506015,Low,1.0,1,Mid,3,0
ORD200162,2023-07-27,C82313,Chair,3,65.86,917 Main St,Online,Pending,TRK79854624,8,WINTER15,Google,197.58,57.180378284984954,0.045551169146674765,Mid,0.375,1,Budget,7,0
ORD200163,2025-06-24,C99589,Tablet,1,641.39,277 Main St,Online,Cancelled,TRK16695001,1,FREESHIP,Referral,641.39,267.6627598522999,0.0015591137997162414,Low,1.0,1,Luxury,6,0
ORD200164,2023-12-28,C70566,Desk,5,536.58,667 Main St,Gift Card,Pending,TRK49673411,5,SAVE10,Google,2682.9,672.8098863791669,0.009318275000931827,Top,1.0,1,Luxury,12,0
ORD200165,2024-09-14,C60355,Monitor,2,500.29,226 Main St,Online,Returned,TRK30155194,7,WINTER15,Google,1000.58,314.55691628022413,0.0039976813448200045,Low,0.2857142857142857,1,Premium,9,1
ORD200166,2025-03-04,C28889,Chair,3,86.29,565 Main St,Cash,Delivered,TRK23791726,6,WINTER15,Instagram,258.87,73.78871161831829,0.03476648510835554,Mid,0.5,1,Budget,3,0
ORD200167,2023-05-27,C88304,Chair,2,384.14,219 Main St,Online,Returned,TRK44268941,2,WINTER15,Email,768.28,240.92170107252568,0.005206435153850159,Low,1.0,1,Premium,5,1
ORD200168,2025-01-04,C49517,Printer,1,594.96,878 Main St,Cash,Returned,TRK78551375,6,FREESHIP,Facebook,594.96,249.3586134642105,0.001680785262874815,Low,0.16666666666666666,1,Luxury,1,1
ORD200169,2024-04-07,C35785,Printer,1,427.82,732 Main St,Online,Delivered,TRK78923089,2,WINTER15,Email,427.82,178.8837229052717,0.0023374316301248187,Low,0.5,1,Premium,4,1
ORD200170,2025-04-04,C80223,Desk,4,662.94,535 Main St,Cash,Cancelled,TRK68632951,8,SAVE10,Instagram,2651.76,693.0635056214237,0.00603372854255287,High,0.5,1,Luxury,4,0
ORD200171,2023-08-15,C20448,Tablet,2,148.22,336 Main St,Credit Card,Delivered,TRK67379895,7,WINTER15,Instagram,296.44,94.51474890927899,0.01349345567399811,Low,0.2857142857142857,1,Budget,8,0
ORD200172,2025-04-06,C34134,Printer,1,254.12,365 Main St,Online,Delivered,TRK43074303,1,WINTER15,Email,254.12,106.30065585812476,0.003935148748622698,Low,1.0,1,Mid,4,1
ORD200173,2024-03-24,C95901,Phone,3,664.46,806 Main St,Online,Delivered,TRK56989066,4,FREESHIP,Google,1993.38,555.1757524907445,0.004514944466183066,Mid,0.75,1,Luxury,3,1
ORD200174,2024-04-16,C51145,Printer,4,600.81,790 Main St,Debit Card,Delivered,TRK59154274,9,SAVE10,Email,2403.24,628.5531929464667,0.006657678800286281,High,0.4444444444444444,1,Luxury,4,0
ORD200175,2025-02-08,C78170,Chair,5,68.34,332 Main St,Debit Card,Pending,TRK71410605,6,WINTER15,Referral,341.7,87.7220449516516,0.07316359379572725,Top,0.8333333333333334,1,Budget,2,1
ORD200176,2025-06-28,C80151,Tablet,4,430.83,553 Main St,Gift Card,Pending,TRK88251529,8,WINTER15,Referral,1723.32,451.2827974007536,0.009284404521505002,High,0.5,1,Premium,6,1
ORD200177,2023-08-05,C55632,Chair,5,431.69,354 Main St,Credit Card,Pending,TRK13003066,10,FREESHIP,Facebook,2158.45,542.7394303975847,0.011582385508119252,Top,0.5,1,Premium,8,1
ORD200178,2024-04-11,C53070,Chair,4,512.06,283 Main St,Online,Delivered,TRK49791755,5,SAVE10,Google,2048.24,535.2721352640966,0.00781158457993204,High,0.8,1,Premium,4,0
ORD200179,2024-11-24,C27401,Laptop,3,539.91,500 Main St,Credit Card,Delivered,TRK14332053,8,FREESHIP,Email,1619.73,452.21759274693926,0.005556481635828194,Mid,0.375,1,Luxury,11,1
ORD200180,2023-03-18,C87216,Tablet,5,316.07,970 Main St,Cash,Returned,TRK18713727,10,FREESHIP,Google,1580.35,398.21513654675647,0.015819280539121083,Top,0.5,1,Mid,3,1
ORD200181,2024-08-31,C38966,Printer,5,404.39,247 Main St,Online,Shipped,TRK17205146,10,FREESHIP,Referral,2021.95,508.61456071696466,0.012364301787878038,Top,0.5,1,Premium,8,1
ORD200182,2025-03-19,C16612,Desk,1,600.54,596 Main St,Debit Card,Pending,TRK96188223,4,WINTER15,Google,600.54,251.26694419466924,0.0016651680154527594,Low,0.25,1,Luxury,3,0
ORD200183,2024-04-18,C39246,Monitor,5,186.28,258 Main St,Debit Card,Delivered,TRK16658182,8,SAVE10,Email,931.4,235.5628068856918,0.02684131415074082,Top,0.625,1,Mid,4,0
ORD200184,2024-04-04,C65180,Tablet,4,214.54,231 Main St,Gift Card,Cancelled,TRK39255469,7,FREESHIP,Referral,858.16,225.7739407569684,0.01864454181038501,High,0.5714285714285714,1,Mid,4,0
ORD200185,2025-02-02,C46877,Laptop,1,210.7,572 Main St,Online,Shipped,TRK96935978,2,WINTER15,Referral,210.7,88.41745768074672,0.004746084480303749,Low,0.5,1,Mid,2,1
ORD200186,2023-12-07,C30334,Phone,2,133.55,322 Main St,Cash,Pending,TRK66388885,7,FREESHIP,Facebook,267.1,85.34624594409085,0.014975664545114188,Low,0.2857142857142857,1,Budget,12,0
ORD200187,2023-02-08,C21227,Chair,1,590.87,689 Main St,Gift Card,Returned,TRK79129657,6,FREESHIP,Referral,590.87,247.6544487366087,0.0016924196523770035,Low,0.16666666666666666,1,Luxury,2,0
ORD200188,2025-03-15,C97715,Chair,2,363.91,927 Main St,Gift Card,Shipped,TRK19515949,2,FREESHIP,Referral,727.82,228.27799931072698,0.005495864362067544,Low,1.0,1,Mid,3,1
ORD200189,2023-07-05,C48939,Printer,5,429.45,597 Main St,Gift Card,Cancelled,TRK62786764,5,WINTER15,Email,2147.25,538.8977737998215,0.011642798928862498,Top,1.0,1,Premium,7,0
ORD200190,2024-08-31,C35483,Printer,3,223.7,725 Main St,Cash,Returned,TRK79638203,3,SAVE10,Email,671.0999999999999,187.66890180300996,0.013410818059901655,Mid,1.0,1,Mid,8,1
ORD200191,2025-03-08,C51494,Laptop,2,488.87,505 Main St,Online,Cancelled,TRK58520306,4,FREESHIP,Google,977.74,306.79443184452583,0.004091067154867347,Low,0.5,1,Premium,3,1
ORD200192,2023-08-11,C58410,Desk,1,645.46,151 Main St,Gift Card,Cancelled,TRK19749672,5,SAVE10,Google,645.46,270.19192488044706,0.0015492826821181791,Low,0.2,1,Luxury,8,0
ORD200193,2023-07-21,C11644,Printer,1,46.66,429 Main St,Cash,Cancelled,TRK81320339,6,FREESHIP,Google,46.66,20.903571938848405,0.021431633090441493,Low,0.16666666666666666,1,Budget,7,0
ORD200194,2024-06-08,C53501,Monitor,1,249.57,899 Main St,Cash,Shipped,TRK90144892,3,FREESHIP,Google,249.57,104.82150114864233,0.004006891853988861,Low,0.3333333333333333,1,Mid,6,1
ORD200195,2024-04-22,C63619,Chair,3,619.21,801 Main St,Debit Card,Cancelled,TRK65385674,6,FREESHIP,Email,1857.63,517.8841408138327,0.004844882996075645,Mid,0.5,1,Luxury,4,0
ORD200196,2025-01-24,C40882,Desk,4,217.13,719 Main St,Cash,Delivered,TRK64165503,8,WINTER15,Email,868.52,228.68015369056937,0.018422143416386497,High,0.5,1,Mid,1,0
ORD200197,2023-08-27,C80135,Laptop,5,221.51,723 Main St,Cash,Returned,TRK95222269,5,WINTER15,Referral,1107.55,278.97459539072725,0.022572344363685614,Top,1.0,1,Mid,8,1
ORD200198,2024-06-11,C37594,Laptop,4,340.3,926 Main St,Cash,Cancelled,TRK94405162,8,SAVE10,Referral,1361.2,356.9811257224018,0.011754334410813987,High,0.5,1,Mid,6,0
ORD200199,2025-01-23,C87524,Phone,1,625.0,358 Main St,Online,Returned,TRK21114341,5,WINTER15,Google,625.0,261.66693333333336,0.0016,Low,0.2,1,Luxury,1,0
ORD200200,2025-06-07,C97681,Tablet,5,433.26,895 Main St,Credit Card,Delivered,TRK37531040,9,SAVE10,Google,2166.3,544.4935900690888,0.011540414531689979,Top,0.5555555555555556,1,Premium,6,1
ORD200201,2023-06-18,C10126,Monitor,2,674.9,146 Main St,Online,Shipped,TRK75607531,4,SAVE10,Facebook,1349.8,423.0629939003309,0.0029634019854793306,Low,0.5,1,Luxury,6,1
ORD200202,2025-02-06,C36938,Monitor,3,253.98,636 Main St,Credit Card,Cancelled,TRK52522904,3,FREESHIP,Email,761.9399999999999,212.9019686589495,0.011811953697141508,Mid,1.0,1,Mid,2,0
ORD200203,2025-01-21,C99173,Printer,3,356.84,172 Main St,Online,Shipped,TRK89849342,5,SAVE10,Instagram,1070.52,299.0347345215409,0.00840712924560027,Mid,0.6,1,Mid,1,0
ORD200204,2023-09-05,C99775,Laptop,4,413.71,478 Main St,Gift Card,Cancelled,TRK21638425,9,FREESHIP,Facebook,1654.84,433.6578614347409,0.009668608445529478,High,0.4444444444444444,1,Premium,9,0
ORD200205,2023-03-04,C19266,Desk,3,147.39,609 Main St,Debit Card,Returned,TRK58357269,3,FREESHIP,Email,442.17,124.07839236040435,0.02035416242621616,Mid,1.0,1,Budget,3,1
ORD200206,2024-04-16,C31072,Laptop,4,229.1,729 Main St,Gift Card,Returned,TRK77172975,8,WINTER15,Email,916.4,241.1487432707697,0.017459624618070713,High,0.5,1,Mid,4,0
ORD200207,2025-03-18,C54595,Phone,1,121.96,999 Main St,Debit Card,Delivered,TRK44416659,3,FREESHIP,Google,121.96,51.651366568273744,0.00819940964250574,Low,0.3333333333333333,1,Budget,3,0
ORD200208,2024-10-08,C87777,Desk,2,408.32,597 Main St,Online,Shipped,TRK29003608,3,FREESHIP,Facebook,816.64,256.24248301985375,0.004898119122257054,Low,0.6666666666666666,1,Premium,10,0
ORD200209,2023-08-29,C35854,Tablet,5,187.97,706 Main St,Cash,Returned,TRK30615168,9,SAVE10,Google,939.85,237.88359999822663,0.026599989360004257,Top,0.5555555555555556,1,Mid,8,0
ORD200210,2024-12-05,C93821,Chair,3,358.48,513 Main St,Gift Card,Delivered,TRK10658539,7,FREESHIP,Facebook,1075.44,300.818061444618,0.00836866770810087,Mid,0.42857142857142855,1,Mid,12,0
ORD200211,2025-01-03,C54390,Printer,3,193.58,185 Main St,Gift Card,Pending,TRK83853742,7,FREESHIP,Email,580.74,163.4025829114578,0.01549746874677136,Mid,0.42857142857142855,1,Mid,1,0
ORD200212,2023-06-20,C53215,Monitor,1,265.38,367 Main St,Credit Card,Cancelled,TRK34751835,6,WINTER15,Email,265.38,112.03396136357928,0.0037681814756198658,Low,0.16666666666666666,1,Mid,6,0
ORD200213,2023-04-20,C71122,Laptop,1,634.4,317 Main St,Cash,Cancelled,TRK54757882,6,SAVE10,Email,634.4,265.7919293820933,0.0015762925598991173,Low,0.16666666666666666,1,Luxury,4,0
ORD200214,2024-08-21,C29483,Desk,4,305.72,673 Main St,Online,Delivered,TRK89423603,5,FREESHIP,Facebook,1222.88,320.3355139779319,0.013083867591259976,High,0.8,1,Mid,8,0
ORD200215,2023-08-10,C26767,Printer,1,303.6,432 Main St,Cash,Shipped,TRK24585307,5,FREESHIP,Facebook,303.6,127.75054896794028,0.0032938076416337285,Low,0.2,1,Mid,8,0
ORD200216,2025-04-15,C70492,Monitor,4,496.0,811 Main St,Online,Cancelled,TRK84625405,8,WINTER15,Google,1984.0,519.1680107526882,0.008064516129032258,High,0.5,1,Premium,4,0
ORD200217,2024-05-20,C61549,Desk,4,321.51,908 Main St,Cash,Returned,TRK65596914,9,FREESHIP,Google,1286.04,337.6166568821084,0.012441292650306367,High,0.4444444444444444,1,Mid,5,0
ORD200218,2023-04-28,C11665,Tablet,3,112.46,882 Main St,Gift Card,Shipped,TRK10993930,6,SAVE10,Instagram,337.38,95.59611269192008,0.026676151520540637,Mid,0.5,1,Budget,4,0
ORD200219,2025-05-02,C48946,Laptop,5,61.97,457 Main St,Cash,Delivered,TRK99387220,6,SAVE10,Email,309.85,79.75954495165163,0.08068420203324189,Top,0.8333333333333334,1,Budget,5,0
ORD200220,2023-07-18,C79506,Laptop,2,373.17,497 Main St,Credit Card,Pending,TRK95188748,6,SAVE10,Referral,746.34,234.89880991460552,0.005359487632982287,Low,0.3333333333333333,1,Premium,7,0
ORD200221,2024-02-23,C93473,Tablet,5,639.37,552 Main St,Debit Card,Pending,TRK50003989,6,SAVE10,Google,3196.85,801.5054700330012,0.007820198007413548,Top,0.8333333333333334,1,Luxury,2,0
ORD200222,2023-05-04,C43124,Chair,4,693.36,931 Main St,Online,Shipped,TRK17293348,8,FREESHIP,Instagram,2773.44,724.7509615014807,0.005769008884273682,High,0.5,1,Luxury,5,0
ORD200223,2024-09-11,C22783,Phone,4,692.91,673 Main St,Credit Card,Pending,TRK55009149,9,SAVE10,Instagram,2771.64,724.4905454592467,0.0057727554805097345,High,0.4444444444444444,1,Luxury,9,0
ORD200224,2023-09-23,C18567,Printer,4,91.46,507 Main St,Cash,Cancelled,TRK17554673,9,SAVE10,Referral,365.84,97.98454495165161,0.04373496610540127,High,0.4444444444444444,1,Budget,9,1
ORD200225,2024-03-13,C99879,Phone,3,273.96,692 Main St,Debit Card,Returned,TRK50246700,8,SAVE10,Google,821.8799999999999,230.59349175062053,0.010950503723171266,Mid,0.375,1,Mid,3,0
ORD200226,2025-06-27,C31501,Desk,3,588.05,242 Main St,Gift Card,Delivered,TRK93063929,8,FREESHIP,Instagram,1764.15,492.3341836011677,0.005101607006206955,Mid,0.375,1,Luxury,6,0
ORD200227,2023-11-02,C93220,Monitor,2,365.17,353 Main St,Online,Cancelled,TRK89023251,4,FREESHIP,Facebook,730.34,229.48216281686155,0.0054769011693184,Low,0.5,1,Premium,11,0
ORD200228,2023-05-17,C57867,Chair,4,385.92,579 Main St,Credit Card,Cancelled,TRK92055007,8,FREESHIP,Instagram,1543.68,404.5017274737424,0.010364842454394693,High,0.5,1,Premium,5,0
ORD200229,2025-03-28,C62622,Tablet,1,562.61,762 Main St,Credit Card,Delivered,TRK70997648,3,WINTER15,Facebook,562.61,235.25446290503191,0.0017774301914292316,Low,0.3333333333333333,1,Luxury,3,0
ORD200230,2023-12-16,C94595,Desk,4,61.91,948 Main St,Gift Card,Delivered,TRK24497305,6,WINTER15,Email,247.64,66.57829495165161,0.06460991762235503,High,0.6666666666666666,1,Budget,12,1
ORD200231,2023-11-05,C30955,Phone,4,41.9,327 Main St,Gift Card,Pending,TRK46898848,9,FREESHIP,Instagram,167.6,46.35954495165162,0.0954653937947494,High,0.4444444444444444,1,Budget,11,1
ORD200232,2023-05-19,C20731,Printer,4,444.44,610 Main St,Debit Card,Cancelled,TRK75568437,8,WINTER15,Google,1777.76,465.45983334833346,0.00900009000090001,High,0.5,1,Premium,5,0
ORD200233,2024-08-24,C30168,Phone,3,311.33,146 Main St,Cash,Cancelled,TRK73699939,3,WINTER15,Instagram,933.99,260.693272679579,0.009636077474062891,Mid,1.0,1,Mid,8,1
ORD200234,2024-11-26,C79842,Printer,4,236.41,337 Main St,Debit Card,Pending,TRK26957950,7,SAVE10,Google,945.64,248.5549032930079,0.01691975804745992,High,0.5714285714285714,1,Mid,11,0
ORD200235,2023-02-20,C32854,Desk,1,65.45,815 Main St,Cash,Pending,TRK30009218,2,WINTER15,Google,65.45,27.898379806468043,0.015278838808250572,Low,0.5,1,Budget,2,0
ORD200236,2023-01-01,C14847,Monitor,1,318.81,562 Main St,Debit Card,Pending,TRK39663243,3,WINTER15,Email,318.81,133.67135611074517,0.0031366644710015368,Low,0.3333333333333333,1,Mid,1,1
ORD200237,2024-03-14,C88645,Monitor,3,583.72,783 Main St,Credit Card,Shipped,TRK74097570,5,FREESHIP,Facebook,1751.16,488.1008565750703,0.005139450421434934,Mid,0.6,1,Luxury,3,0
ORD200238,2024-12-13,C66149,Desk,4,384.32,770 Main St,Credit Card,Pending,TRK76307307,6,WINTER15,Google,1537.28,402.41840133222314,0.010407993338884263,High,0.6666666666666666,1,Premium,12,0
ORD200239,2024-12-11,C20256,Tablet,3,538.74,456 Main St,Online,Shipped,TRK71127943,6,FREESHIP,Email,1616.22,450.82592809147263,0.005568548836173293,Mid,0.5,1,Luxury,12,0
ORD200240,2023-07-12,C14983,Tablet,1,17.24,255 Main St,Online,Pending,TRK93444157,2,FREESHIP,Instagram,17.24,7.813711618318284,0.0580046403712297,Low,0.5,1,Budget,7,0
ORD200241,2023-05-16,C20817,Chair,5,615.67,407 Main St,Online,Pending,TRK44164590,6,SAVE10,Email,3078.35,771.8805202056296,0.008121233777835529,Top,0.8333333333333334,1,Luxury,5,0
ORD200242,2023-05-09,C94921,Printer,2,219.1,134 Main St,Online,Pending,TRK97794327,4,SAVE10,Referral,438.2,138.18902137532328,0.009128251939753538,Low,0.5,1,Mid,5,0
ORD200243,2025-05-09,C54725,Chair,2,144.66,506 Main St,Online,Cancelled,TRK30601940,7,FREESHIP,Google,289.32,92.28980425365224,0.013825521913452233,Low,0.2857142857142857,1,Budget,5,0
ORD200244,2023-02-16,C98096,Desk,2,317.77,838 Main St,Debit Card,Cancelled,TRK51518631,4,WINTER15,Facebook,635.54,199.85729897672317,0.006293860339239073,Low,0.5,1,Mid,2,0
ORD200245,2025-04-20,C12667,Laptop,1,223.3,306 Main St,Online,Returned,TRK25390491,1,FREESHIP,Facebook,223.3,93.45907971339005,0.0044782803403493054,Low,1.0,1,Mid,4,1
ORD200246,2024-08-30,C55354,Desk,2,342.11,164 Main St,Gift Card,Shipped,TRK15439493,2,WINTER15,Instagram,684.22,214.65305767881674,0.00584607290052907,Low,1.0,1,Mid,8,0
ORD200247,2023-07-20,C14600,Printer,2,220.9,785 Main St,Gift Card,Shipped,TRK84984764,4,FREESHIP,Email,441.8,139.3140089784216,0.009053870529651425,Low,0.5,1,Mid,7,0
ORD200248,2023-07-02,C97187,Laptop,1,670.54,471 Main St,Cash,Shipped,TRK62283713,6,FREESHIP,Referral,670.54,280.85024855589023,0.001491335341664927,Low,0.16666666666666666,1,Luxury,7,1
ORD200249,2024-02-07,C39106,Printer,1,546.19,245 Main St,Cash,Pending,TRK35464433,5,FREESHIP,Referral,546.19,228.82947181078626,0.0018308647174060306,Low,0.2,1,Luxury,2,0
ORD200250,2023-04-05,C93379,Desk,3,42.95,318 Main St,Gift Card,Returned,TRK67954150,8,SAVE10,Email,128.85,38.088711618318285,0.06984866123399301,Mid,0.375,1,Budget,4,0
ORD200251,2025-05-15,C93175,Monitor,4,14.69,814 Main St,Cash,Cancelled,TRK32995144,9,FREESHIP,Email,58.76,18.015794951651618,0.27229407760381213,High,0.4444444444444444,1,Budget,5,0
ORD200252,2024-09-20,C19648,Phone,4,668.36,821 Main St,Gift Card,Cancelled,TRK51297879,5,FREESHIP,Facebook,2673.44,698.0843307997685,0.005984798611526722,High,0.8,1,Luxury,9,0
ORD200253,2024-03-23,C14891,Chair,4,413.74,743 Main St,Gift Card,Returned,TRK79471534,7,FREESHIP,Instagram,1654.96,433.2724446512302,0.009667907381447285,High,0.5714285714285714,1,Premium,3,1
ORD200254,2023-12-26,C10866,Monitor,3,263.19,770 Main St,Online,Delivered,TRK34809583,5,FREESHIP,Instagram,789.5699999999999,220.99356643489497,0.011398609369656901,Mid,0.6,1,Mid,12,0
ORD200255,2024-05-13,C47283,Monitor,1,263.96,806 Main St,Gift Card,Returned,TRK56235117,2,SAVE10,Google,263.96,110.60896474213264,0.0037884527958781636,Low,0.5,1,Mid,5,0
ORD200256,2025-06-30,C94323,Chair,5,75.81,463 Main St,Gift Card,Returned,TRK22663277,10,WINTER15,Instagram,379.05,97.89287828498495,0.06595435958316845,Top,0.5,1,Budget,6,0
ORD200257,2024-04-23,C89732,Phone,1,406.22,712 Main St,Credit Card,Cancelled,TRK41059233,5,SAVE10,Referral,406.22,170.5087436200417,0.0024617202501107773,Low,0.2,1,Premium,4,0
ORD200258,2024-02-26,C87764,Tablet,2,103.41,294 Main St,Online,Shipped,TRK94082469,2,FREESHIP,Referral,206.82,65.46780674821908,0.019340489314379653,Low,1.0,1,Budget,2,0
ORD200259,2023-06-11,C20977,Chair,4,435.12,636 Main St,Credit Card,Delivered,TRK54991561,9,SAVE10,Instagram,1740.48,455.9598654777226,0.009192866335723478,High,0.4444444444444444,1,Premium,6,1
ORD200260,2023-05-17,C12245,Monitor,2,407.79,153 Main St,Debit Card,Shipped,TRK22000463,3,FREESHIP,Google,815.58,255.91123408085863,0.0049044851516712035,Low,0.6666666666666666,1,Premium,5,0
ORD200261,2025-05-28,C68976,Phone,5,173.65,460 Main St,Gift Card,Delivered,TRK25491356,9,SAVE10,Email,868.25,219.98396559170746,0.028793550244745177,Top,0.5555555555555556,1,Budget,5,0
ORD200262,2023-01-10,C69476,Phone,4,249.07,642 Main St,Credit Card,Returned,TRK65869386,5,WINTER15,Referral,996.28,261.32559329037355,0.01605974224113703,High,0.8,1,Mid,1,0
ORD200263,2023-03-25,C71040,Phone,4,434.85,250 Main St,Credit Card,Pending,TRK41397604,4,WINTER15,Google,1739.4,454.6369497623702,0.009198574220995745,High,1.0,1,Premium,3,1
ORD200264,2024-08-03,C71035,Tablet,1,436.77,977 Main St,Cash,Returned,TRK19599578,5,FREESHIP,Google,436.77,183.2378815890896,0.0022895345376285,Low,0.2,1,Premium,8,1
ORD200265,2023-12-22,C20752,Printer,1,572.13,150 Main St,Debit Card,Cancelled,TRK22298450,4,SAVE10,Google,572.13,239.42945797575143,0.001747854508590705,Low,0.25,1,Luxury,12,0
ORD200266,2024-06-08,C38840,Chair,4,583.07,589 Main St,Credit Card,Cancelled,TRK48484633,6,FREESHIP,Referral,2332.28,609.449060039961,0.006860239765379799,High,0.6666666666666666,1,Luxury,6,1
ORD200267,2025-04-17,C84480,Chair,5,468.51,803 Main St,Debit Card,Delivered,TRK62361867,9,FREESHIP,Facebook,2342.55,588.5559453551331,0.010672130797635055,Top,0.5555555555555556,1,Premium,4,0
ORD200268,2023-08-11,C37032,Phone,2,423.88,655 Main St,Debit Card,Delivered,TRK48639226,7,SAVE10,Referral,847.76,266.8007863860841,0.004718316504671133,Low,0.2857142857142857,1,Premium,8,0
ORD200269,2023-11-25,C48942,Tablet,4,663.67,129 Main St,Credit Card,Pending,TRK29355120,7,FREESHIP,Google,2654.68,693.6155878486296,0.006027091777540043,High,0.5714285714285714,1,Luxury,11,1
ORD200270,2023-06-04,C13540,Printer,4,309.91,127 Main St,Debit Card,Shipped,TRK81087373,5,WINTER15,Google,1239.64,324.70006782883206,0.012906972992159012,High,0.8,1,Mid,6,1
ORD200271,2023-03-28,C59572,Monitor,1,542.07,791 Main St,Cash,Shipped,TRK16792991,6,WINTER15,Referral,542.07,227.3211407966991,0.0018447801944398324,Low,0.16666666666666666,1,Luxury,3,0
ORD200272,2023-09-19,C29758,Chair,2,399.32,119 Main St,Online,Pending,TRK12990043,6,WINTER15,Instagram,798.64,251.2425014190791,0.005008514474606832,Low,0.3333333333333333,1,Premium,9,0
ORD200273,2024-10-27,C11849,Tablet,2,238.25,974 Main St,Online,Cancelled,TRK91195261,7,FREESHIP,Email,476.5,150.78264909059112,0.008394543546694649,Low,0.2857142857142857,1,Mid,10,1
ORD200274,2023-02-04,C50967,Phone,2,182.4,884 Main St,Gift Card,Cancelled,TRK65300814,5,SAVE10,Referral,364.8,115.46016081871345,0.010964912280701754,Low,0.4,1,Budget,2,1
ORD200275,2023-11-04,C80735,Chair,2,65.07,360 Main St,Credit Card,Cancelled,TRK99880231,4,SAVE10,Google,130.14,41.923872688386865,0.030736130321192566,Low,0.5,1,Budget,11,1
ORD200276,2025-03-29,C99050,Printer,2,600.57,654 Main St,Debit Card,Returned,TRK56927089,3,WINTER15,Instagram,1201.14,376.39847169494533,0.0033301696721447956,Low,0.6666666666666666,1,Luxury,3,1
ORD200277,2024-09-09,C11210,Chair,5,90.92,910 Main St,Credit Card,Delivered,TRK44929965,9,SAVE10,Facebook,454.6,116.5720449516516,0.05499340079190497,Top,0.5555555555555556,1,Budget,9,0
ORD200278,2024-11-18,C46015,Laptop,5,362.46,299 Main St,Cash,Delivered,TRK46598430,6,FREESHIP,Instagram,1812.3,455.36896577093563,0.01379462561386084,Top,0.8333333333333334,1,Mid,11,0
ORD200279,2023-10-20,C69167,Chair,3,55.01,263 Main St,Online,Pending,TRK12425655,7,WINTER15,Email,165.03,47.930378284984954,0.05453553899291038,Mid,0.42857142857142855,1,Budget,10,0
ORD200280,2023-03-27,C55388,Tablet,3,404.62,740 Main St,Gift Card,Delivered,TRK75741001,6,FREESHIP,Instagram,1213.86,339.05956906068246,0.007414364094706144,Mid,0.5,1,Premium,3,0
ORD200281,2023-07-27,C87181,Desk,4,654.79,195 Main St,Cash,Pending,TRK60093390,9,FREESHIP,Referral,2619.16,684.7822681381308,0.006108828784801235,High,0.4444444444444444,1,Luxury,7,0
ORD200282,2025-04-22,C30411,Printer,4,637.79,375 Main St,Gift Card,Cancelled,TRK71810536,9,FREESHIP,Google,2551.16,667.0739619428025,0.006271656814939087,High,0.4444444444444444,1,Luxury,4,0
ORD200283,2025-02-28,C39638,Laptop,4,540.33,990 Main St,Cash,Shipped,TRK69745608,6,FREESHIP,Google,2161.32,564.9283171472372,0.007402883423093295,High,0.6666666666666666,1,Luxury,2,0
ORD200284,2023-02-16,C27203,Laptop,5,208.17,516 Main St,Credit Card,Returned,TRK22023906,6,SAVE10,Facebook,1040.85,262.50816980512724,0.024018830763318445,Top,0.8333333333333334,1,Mid,2,0
ORD200285,2025-06-10,C67583,Phone,1,338.31,974 Main St,Online,Delivered,TRK93281700,3,FREESHIP,Google,338.31,141.79632597814626,0.002955868877656587,Low,0.3333333333333333,1,Mid,6,0
ORD200286,2025-04-07,C70554,Monitor,3,139.45,187 Main St,Gift Card,Returned,TRK61086952,8,WINTER15,Google,418.35,118.50358551452133,0.02151308712800287,Mid,0.375,1,Budget,4,0
ORD200287,2023-11-24,C70437,Chair,4,655.18,630 Main St,Online,Shipped,TRK26628830,5,FREESHIP,Facebook,2620.72,684.3551841987443,0.0061051924661924975,High,0.8,1,Luxury,11,0
ORD200288,2023-03-12,C97643,Laptop,4,512.75,537 Main St,Debit Card,Returned,TRK60831391,8,WINTER15,Google,2051.0,536.6158835121079,0.0078010726474890294,High,0.5,1,Premium,3,1
ORD200289,2023-07-26,C17136,Chair,4,160.49,333 Main St,Credit Card,Shipped,TRK55362541,8,WINTER15,Referral,641.96,169.6812372785428,0.024923671256776123,High,0.5,1,Budget,7,0
ORD200290,2023-05-05,C24901,Chair,3,99.9,258 Main St,Cash,Delivered,TRK14029489,8,FREESHIP,Facebook,299.7,85.54667167167167,0.03003003003003003,Mid,0.375,1,Budget,5,0
ORD200291,2024-05-12,C61521,Phone,2,345.01,670 Main St,Credit Card,Delivered,TRK93676567,6,FREESHIP,Google,690.02,217.29888282223703,0.005796933422219646,Low,0.3333333333333333,1,Mid,5,1
ORD200292,2025-01-15,C39639,Monitor,1,65.95,185 Main St,Credit Card,Delivered,TRK31042152,5,FREESHIP,Facebook,65.95,28.73169383371241,0.015163002274450341,Low,0.2,1,Budget,1,0
ORD200293,2023-02-16,C33220,Tablet,4,463.04,564 Main St,Gift Card,Returned,TRK40450219,9,FREESHIP,Instagram,1852.16,485.0431064270906,0.008638562543192813,High,0.4444444444444444,1,Premium,2,0
ORD200294,2025-04-01,C65414,Phone,2,297.71,208 Main St,Online,Shipped,TRK67562517,7,SAVE10,Referral,595.42,187.94486965783256,0.006717946995398206,Low,0.2857142857142857,1,Mid,4,0
ORD200295,2023-01-25,C49009,Printer,5,107.48,278 Main St,Debit Card,Cancelled,TRK46285799,9,FREESHIP,Email,537.4,137.27204495165162,0.04652028284331969,Top,0.5555555555555556,1,Budget,1,0
ORD200296,2024-06-19,C48453,Desk,5,638.8,434 Main St,Debit Card,Cancelled,TRK52110494,10,WINTER15,Referral,3194.0,801.6263045293258,0.007827175954915467,Top,0.5,1,Luxury,6,0
ORD200297,2023-02-22,C68078,Desk,2,493.88,252 Main St,Credit Card,Returned,TRK64862812,7,SAVE10,Instagram,987.76,310.55067492778267,0.0040495666963634895,Low,0.2857142857142857,1,Premium,2,0
ORD200298,2023-12-19,C19402,Printer,4,301.17,267 Main St,Online,Cancelled,TRK97825212,6,FREESHIP,Email,1204.68,315.8042969225576,0.013281535345485937,High,0.6666666666666666,1,Mid,12,0
ORD200299,2024-01-20,C30711,Monitor,1,278.66,856 Main St,Gift Card,Cancelled,TRK42696593,2,FREESHIP,Instagram,278.66,116.73393143376637,0.0035886025981482807,Low,0.5,1,Mid,1,1
ORD200300,2024-09-02,C39000,Phone,1,287.46,894 Main St,Debit Card,Returned,TRK33753945,3,FREESHIP,Facebook,287.46,120.6089131241448,0.0034787448688513188,Low,0.3333333333333333,1,Mid,9,0
ORD200301,2023-05-11,C31105,Chair,1,583.99,726 Main St,Cash,Cancelled,TRK40149095,2,SAVE10,Email,583.99,243.95445205968136,0.0017123580883234301,Low,0.5,1,Luxury,5,0
ORD200302,2023-05-16,C29432,Chair,3,468.74,121 Main St,Cash,Pending,TRK44142517,4,FREESHIP,Instagram,1406.22,392.0760666894227,0.006400136536246106,Mid,0.75,1,Premium,5,0
ORD200303,2024-12-07,C48531,Tablet,1,30.54,368 Main St,Debit Card,Returned,TRK95462192,1,FREESHIP,Google,30.54,13.147044951651617,0.03274394237066143,Low,1.0,1,Budget,12,1
ORD200304,2024-10-18,C86762,Monitor,5,408.73,326 Main St,Gift Card,Delivered,TRK75686292,10,FREESHIP,Instagram,2043.65,514.0395388357433,0.01223301445942309,Top,0.5,1,Premium,10,0
ORD200305,2023-11-25,C63822,Laptop,4,126.89,235 Main St,Cash,Pending,TRK59353216,9,FREESHIP,Instagram,507.56,134.8906705611159,0.03152336669556308,High,0.4444444444444444,1,Budget,11,1
ORD200306,2024-06-07,C70495,Printer,2,57.07,238 Main St,Debit Card,Returned,TRK65511225,3,SAVE10,Instagram,114.14,36.715794951651624,0.035044681969511125,Low,0.6666666666666666,1,Budget,6,0
ORD200307,2023-07-01,C92407,Laptop,3,557.41,135 Main St,Online,Delivered,TRK11755610,4,FREESHIP,Email,1672.23,465.96756367246127,0.005382034767944601,Mid,0.75,1,Luxury,7,1
ORD200308,2023-12-11,C75888,Printer,3,448.9,790 Main St,Debit Card,Returned,TRK98467398,7,SAVE10,Instagram,1346.7,376.16778050048265,0.006683002895967922,Mid,0.42857142857142855,1,Premium,12,0
ORD200309,2023-10-03,C63153,Chair,4,549.76,625 Main St,Debit Card,Delivered,TRK38033305,4,FREESHIP,Facebook,2199.04,574.334545983702,0.007275902211874272,High,1.0,1,Luxury,10,0
ORD200310,2024-02-24,C85863,Printer,3,132.48,968 Main St,Online,Shipped,TRK16094218,4,FREESHIP,Referral,397.4399999999999,111.86210748792269,0.022644927536231887,Mid,0.75,1,Budget,2,1
ORD200311,2025-05-17,C71698,Desk,5,489.37,274 Main St,Online,Returned,TRK34786818,8,FREESHIP,Instagram,2446.85,614.4225362030093,0.010217218055867748,Top,0.625,1,Premium,5,1
ORD200312,2025-05-24,C35397,Printer,5,66.31,579 Main St,Gift Card,Pending,TRK64742535,7,FREESHIP,Referral,331.55,85.39287828498495,0.07540340823405217,Top,0.7142857142857143,1,Budget,5,1
ORD200313,2023-07-09,C67687,Chair,2,434.3,978 Main St,Cash,Delivered,TRK22838735,7,SAVE10,Instagram,868.6,273.31326751861235,0.004605111673958094,Low,0.2857142857142857,1,Premium,7,1
ORD200314,2023-10-04,C29931,Desk,4,153.09,540 Main St,Online,Delivered,TRK48712417,4,FREESHIP,Referral,612.36,161.13977140353168,0.026128421190149586,High,1.0,1,Budget,10,0
ORD200315,2025-05-12,C59139,Tablet,5,91.67,301 Main St,Online,Cancelled,TRK45507090,9,FREESHIP,Email,458.35,117.5095449516516,0.054543471146503764,Top,0.5555555555555556,1,Budget,5,0
ORD200316,2023-10-02,C66078,Desk,4,275.28,101 Main St,Gift Card,Shipped,TRK86474559,9,WINTER15,Facebook,1101.12,289.4607551099486,0.014530659691950016,High,0.4444444444444444,1,Mid,10,0
ORD200317,2023-04-10,C88370,Monitor,2,139.95,339 Main St,Online,Returned,TRK22575151,5,FREESHIP,Instagram,279.9,88.92946513635822,0.01429081814933905,Low,0.4,1,Budget,4,0
ORD200318,2024-07-27,C93375,Chair,3,148.72,317 Main St,Debit Card,Cancelled,TRK95706967,7,SAVE10,Google,446.16,126.02002868925946,0.02017213555675094,Mid,0.42857142857142855,1,Budget,7,1
ORD200319,2023-12-02,C53049,Laptop,2,563.06,413 Main St,Cash,Returned,TRK48974907,6,FREESHIP,Instagram,1126.12,353.5797586698871,0.0035520193229851174,Low,0.3333333333333333,1,Luxury,12,1
ORD200320,2024-12-19,C55590,Printer,1,625.51,772 Main St,Credit Card,Shipped,TRK48792951,1,FREESHIP,Facebook,625.51,261.0460997825774,0.0015986954645009672,Low,1.0,1,Luxury,12,0
ORD200321,2023-08-09,C47086,Phone,4,152.29,135 Main St,Debit Card,Cancelled,TRK44194358,6,WINTER15,Google,609.16,160.72312761288768,0.02626567732615405,High,0.6666666666666666,1,Budget,8,0
ORD200322,2024-06-14,C48646,Phone,5,231.82,339 Main St,Debit Card,Delivered,TRK18233748,6,SAVE10,Facebook,1159.1,292.0702614097144,0.021568458286601675,Top,0.8333333333333334,1,Mid,6,0
ORD200323,2025-01-26,C29416,Laptop,1,150.17,414 Main St,Debit Card,Returned,TRK63820842,1,SAVE10,Referral,150.17,62.98860985327739,0.006659119664380369,Low,1.0,1,Budget,1,1
ORD200324,2024-06-13,C13525,Tablet,3,70.93,847 Main St,Debit Card,Returned,TRK70193221,5,FREESHIP,Referral,212.79,60.780378284984955,0.04229522064006767,Mid,0.6,1,Budget,6,0
ORD200325,2023-06-29,C53545,Desk,3,361.39,665 Main St,Credit Card,Shipped,TRK61123177,8,FREESHIP,Referral,1084.17,303.4513835468607,0.008301281164393038,Mid,0.375,1,Mid,6,0
ORD200326,2024-07-01,C65986,Laptop,5,670.48,273 Main St,Gift Card,Returned,TRK98353867,5,SAVE10,Facebook,3330.4075,835.6028053906654,0.00745734399236368,Top,1.0,1,Luxury,7,0
ORD200327,2023-07-25,C17302,Phone,1,359.99,385 Main St,Gift Card,Cancelled,TRK43940016,5,SAVE10,Email,359.99,151.24629630915675,0.0027778549404150117,Low,0.2,1,Mid,7,0
ORD200328,2023-02-28,C18404,Tablet,5,674.04,546 Main St,Online,Cancelled,TRK89401624,7,SAVE10,Google,3330.4075,836.7611321595651,0.007417957391252745,Top,0.7142857142857143,1,Luxury,2,0
ORD200329,2024-12-25,C88371,Chair,4,283.16,306 Main St,Credit Card,Shipped,TRK63224811,6,FREESHIP,Google,1132.64,297.0440210481707,0.014126289023873428,High,0.6666666666666666,1,Mid,12,0
ORD200330,2024-06-02,C38068,Desk,5,260.53,532 Main St,Gift Card,Pending,TRK54059198,5,SAVE10,Instagram,1302.65,327.74903194129917,0.01919164779487967,Top,1.0,1,Mid,6,1
ORD200331,2023-04-15,C78724,Printer,3,422.13,187 Main St,Online,Delivered,TRK25703134,7,SAVE10,Facebook,1266.39,353.8595178025727,0.007106815436003127,Mid,0.42857142857142855,1,Premium,4,1
ORD200332,2024-07-03,C26163,Desk,5,125.02,607 Main St,Debit Card,Pending,TRK67499316,9,SAVE10,Google,625.1,159.1970449516516,0.03999360102383619,Top,0.5555555555555556,1,Budget,7,0
ORD200333,2024-04-16,C87124,Phone,1,198.51,818 Main St,Credit Card,Returned,TRK52086740,5,WINTER15,Instagram,198.51,83.96333958826591,0.0050375295954863735,Low,0.2,1,Mid,4,0
ORD200334,2024-03-26,C90348,Chair,4,224.75,728 Main St,Online,Delivered,TRK20635777,7,WINTER15,Facebook,899.0,236.40921625880608,0.017797552836484983,High,0.5714285714285714,1,Mid,3,0
ORD200335,2025-03-03,C58721,Tablet,3,205.86,978 Main St,Gift Card,Shipped,TRK34801199,4,FREESHIP,Email,617.58,173.01076216846403,0.014573010784027979,Mid,0.75,1,Mid,3,0
ORD200336,2023-12-29,C88174,Laptop,1,18.2,441 Main St,Debit Card,Pending,TRK10143345,4,SAVE10,Instagram,18.2,8.630378284984952,0.054945054945054944,Low,0.25,1,Budget,12,0
ORD200337,2023-05-29,C77763,Tablet,3,502.77,599 Main St,Debit Card,Returned,TRK66980447,8,WINTER15,Email,1508.31,421.26766115718914,0.005966943135031924,Mid,0.375,1,Premium,5,0
ORD200338,2023-11-08,C53627,Phone,5,305.49,704 Main St,Debit Card,Shipped,TRK64112352,10,FREESHIP,Referral,1527.45,384.99022785797683,0.016367147860813773,Top,0.5,1,Mid,11,0
ORD200339,2024-04-10,C84563,Printer,2,236.33,398 Main St,Online,Pending,TRK62422797,3,SAVE10,Instagram,472.66,148.7493271237958,0.008462742774933356,Low,0.6666666666666666,1,Mid,4,0
ORD200340,2023-04-23,C76207,Laptop,5,521.25,826 Main St,Cash,Cancelled,TRK25569378,8,FREESHIP,Email,2606.25,654.2724320543565,0.009592326139088728,Top,0.625,1,Premium,4,1
ORD200341,2024-09-23,C94671,Tablet,1,167.15,293 Main St,Gift Card,Shipped,TRK61357272,5,WINTER15,Email,167.15,70.89683044171902,0.005982650314089141,Low,0.2,1,Budget,9,0
ORD200342,2025-06-24,C69994,Monitor,5,466.42,619 Main St,Gift Card,Returned,TRK95935805,5,FREESHIP,Referral,2332.1,585.1101199919958,0.010719951974615153,Top,1.0,1,Premium,6,0
ORD200343,2023-02-26,C64638,Printer,1,527.57,919 Main St,Debit Card,Pending,TRK64087938,3,FREESHIP,Facebook,527.57,220.6544825805107,0.0018954830638588242,Low,0.3333333333333333,1,Luxury,2,1
ORD200344,2025-03-06,C95623,Tablet,3,623.34,248 Main St,Online,Cancelled,TRK67558189,3,SAVE10,Instagram,1870.02,520.7008021304586,0.00481278275098662,Mid,1.0,1,Luxury,3,0
ORD200345,2023-12-07,C24751,Tablet,5,501.26,259 Main St,Gift Card,Shipped,TRK37285406,10,FREESHIP,Referral,2506.3,629.7016624772242,0.009974863344372182,Top,0.5,1,Premium,12,0
ORD200346,2024-12-06,C31764,Tablet,1,655.09,876 Main St,Cash,Pending,TRK44680433,6,FREESHIP,Referral,655.09,274.4127544179681,0.0015265078080874382,Low,0.16666666666666666,1,Luxury,12,0
ORD200347,2024-02-03,C83556,Printer,4,264.79,380 Main St,Credit Card,Pending,TRK21109187,5,SAVE10,Google,1059.16,277.7004343851102,0.015106310661278748,High,0.8,1,Mid,2,1
ORD200348,2024-03-13,C24369,Laptop,3,359.73,885 Main St,Debit Card,Returned,TRK72633998,7,FREESHIP,Email,1079.19,301.8597232646708,0.008339588024351597,Mid,0.42857142857142855,1,Mid,3,0
ORD200349,2023-11-30,C39648,Chair,1,465.33,824 Main St,Gift Card,Delivered,TRK56016905,2,FREESHIP,Google,465.33,194.51285816875478,0.0021490125287430425,Low,0.5,1,Premium,11,0
ORD200350,2023-06-03,C13296,Chair,2,54.41,495 Main St,Online,Shipped,TRK60127216,6,FREESHIP,Instagram,108.82,35.678294951651615,0.036757948906451024,Low,0.3333333333333333,1,Budget,6,1
ORD200351,2025-02-15,C94248,Laptop,1,64.66,494 Main St,Debit Card,Delivered,TRK89406816,4,FREESHIP,Instagram,64.66,27.985910918651403,0.01546551190844417,Low,0.25,1,Budget,2,1
ORD200352,2023-08-31,C26637,Chair,5,173.96,995 Main St,Debit Card,Pending,TRK59546992,8,WINTER15,Instagram,869.8000000000001,220.1631237065992,0.028742239595309266,Top,0.625,1,Budget,8,0
ORD200353,2025-03-28,C16012,Tablet,1,630.82,171 Main St,Online,Delivered,TRK15195225,5,FREESHIP,Google,630.82,264.09193087304357,0.0015852382613106748,Low,0.2,1,Luxury,3,0
ORD200354,2023-07-11,C31772,Phone,1,693.41,992 Main St,Debit Card,Shipped,TRK11970357,4,FREESHIP,Instagram,693.41,289.9627403580373,0.0014421482239944622,Low,0.25,1,Luxury,7,0
ORD200355,2025-06-03,C18353,Tablet,3,433.33,677 Main St,Credit Card,Cancelled,TRK78766533,4,FREESHIP,Referral,1299.99,362.5678205216963,0.006923130177924446,Mid,0.75,1,Premium,6,0
ORD200356,2023-05-06,C26966,Printer,5,374.58,907 Main St,Gift Card,Cancelled,TRK83889574,10,FREESHIP,Instagram,1872.9,471.35222471390176,0.013348283410753378,Top,0.5,1,Premium,5,1
ORD200357,2023-07-08,C74982,Laptop,5,408.56,398 Main St,Debit Card,Delivered,TRK98700702,8,FREESHIP,Instagram,2042.8,513.4103730174271,0.012238104562365381,Top,0.625,1,Premium,7,1
ORD200358,2024-04-07,C70633,Tablet,2,183.67,747 Main St,Online,Cancelled,TRK82540521,3,SAVE10,Google,367.34,115.83723151576197,0.010889094571786356,Low,0.6666666666666666,1,Budget,4,1
ORD200359,2023-06-09,C95643,Desk,4,606.57,303 Main St,Debit Card,Delivered,TRK23286689,5,WINTER15,Referral,2426.28,633.7198490762265,0.006594457358590104,High,0.8,1,Luxury,6,0
ORD200360,2024-06-06,C53810,Phone,4,589.57,779 Main St,Cash,Pending,TRK34630612,8,FREESHIP,Instagram,2358.28,616.6365474342883,0.006784605729599538,High,0.5,1,Luxury,6,0
ORD200361,2024-06-29,C53464,Printer,5,659.85,197 Main St,Credit Card,Delivered,TRK32743531,9,SAVE10,Facebook,3299.25,827.7304295799551,0.007577479730241721,Top,0.5555555555555556,1,Luxury,6,1
ORD200362,2023-06-27,C53697,Monitor,4,206.84,312 Main St,Cash,Cancelled,TRK60476656,5,WINTER15,Instagram,827.36,217.33655643653708,0.019338619222587505,High,0.8,1,Mid,6,0
ORD200363,2024-05-24,C31668,Laptop,5,113.87,871 Main St,Credit Card,Pending,TRK42584392,6,SAVE10,Email,569.35,144.63454495165163,0.04390972161236498,Top,0.8333333333333334,1,Budget,5,0
ORD200364,2023-11-24,C85282,Phone,5,628.74,740 Main St,Cash,Cancelled,TRK86767206,9,FREESHIP,Facebook,3143.7,788.8429920687936,0.007952412762032,Top,0.5555555555555556,1,Luxury,11,0
ORD200365,2025-02-14,C56796,Phone,1,678.38,607 Main St,Credit Card,Cancelled,TRK74263180,4,SAVE10,Referral,678.38,283.70024568334367,0.0014741000619122027,Low,0.25,1,Luxury,2,0
ORD200366,2023-02-10,C95213,Printer,3,602.24,603 Main St,Debit Card,Pending,TRK40630538,8,FREESHIP,Referral,1806.72,504.1591635671271,0.004981402763018066,Mid,0.375,1,Luxury,2,0
ORD200367,2024-04-25,C13108,Laptop,5,658.77,712 Main St,Gift Card,Pending,TRK82284400,10,FREESHIP,Instagram,3293.85,826.5887649837323,0.007589902393855215,Top,0.5,1,Luxury,4,0
ORD200368,2023-05-01,C85322,Monitor,3,271.02,403 Main St,Credit Card,Cancelled,TRK89728869,6,FREESHIP,Google,813.06,227.7268448822965,0.011069293779056896,Mid,0.5,1,Mid,5,0
ORD200369,2024-12-22,C43545,Monitor,5,375.25,216 Main St,Gift Card,Pending,TRK73937402,9,SAVE10,Email,1876.25,471.98138740839437,0.013324450366422385,Top,0.5555555555555556,1,Premium,12,1
ORD200370,2025-05-03,C80649,Phone,1,312.11,870 Main St,Online,Cancelled,TRK41143313,4,WINTER15,Facebook,312.11,131.08803399976506,0.0032039985902406203,Low,0.25,1,Mid,5,1
ORD200371,2023-01-05,C59752,Phone,5,307.76,179 Main St,Gift Card,Pending,TRK82229639,9,FREESHIP,Google,1538.8,387.61937440429773,0.01624642578632701,Top,0.5555555555555556,1,Mid,1,0
ORD200372,2025-02-14,C53645,Chair,3,483.53,166 Main St,Cash,Returned,TRK12123939,4,FREESHIP,Referral,1450.59,404.4010340620023,0.006204372014145969,Mid,0.75,1,Premium,2,0
ORD200373,2023-01-02,C60178,Laptop,3,341.15,969 Main St,Cash,Pending,TRK84505143,4,FREESHIP,Instagram,1023.45,285.7514656309541,0.008793785724754507,Mid,0.75,1,Mid,1,0
ORD200374,2024-09-16,C20286,Monitor,1,571.9,129 Main St,Gift Card,Pending,TRK67648338,1,WINTER15,Instagram,571.9,238.70862475957335,0.0017485574401119078,Low,1.0,1,Luxury,9,0
ORD200375,2025-01-16,C87547,Monitor,4,95.03,400 Main St,Online,Shipped,TRK71027262,8,FREESHIP,Facebook,380.12,101.49496161831827,0.04209197095654004,High,0.5,1,Budget,1,0
ORD200376,2023-08-24,C64549,Monitor,5,201.22,341 Main St,Debit Card,Pending,TRK20788231,6,FREESHIP,Facebook,1006.1,253.8208080707683,0.024848424609879734,Top,0.8333333333333334,1,Mid,8,0
ORD200377,2024-07-22,C24884,Monitor,1,260.26,625 Main St,Online,Pending,TRK44538419,5,WINTER15,Instagram,260.26,109.69230705192244,0.003842311534619227,Low,0.2,1,Mid,7,0
ORD200378,2024-02-01,C62666,Chair,5,64.5,148 Main St,Credit Card,Pending,TRK91029390,8,WINTER15,Instagram,322.5,83.33871161831829,0.07751937984496124,Top,0.625,1,Budget,2,0
ORD200379,2024-09-21,C47284,Phone,3,297.67,500 Main St,Online,Shipped,TRK85756094,6,FREESHIP,Google,893.01,249.9350130457666,0.010078274599388584,Mid,0.5,1,Mid,9,1
ORD200380,2024-04-20,C35355,Printer,4,331.9,127 Main St,Cash,Pending,TRK52935059,5,SAVE10,Instagram,1327.6,347.60617530380637,0.012051822838204279,High,0.8,1,Mid,4,1
ORD200381,2023-06-07,C29467,Chair,1,191.76,223 Main St,Credit Card,Returned,TRK98103385,1,FREESHIP,Instagram,191.76,80.3175358086497,0.0052148518982060915,Low,1.0,1,Mid,6,0
ORD200382,2025-01-30,C26718,Printer,4,263.09,272 Main St,Debit Card,Shipped,TRK91702525,8,SAVE10,Google,1052.36,276.5546173204353,0.015203922612033906,High,0.5,1,Mid,1,0
ORD200383,2023-01-20,C18944,Chair,4,393.8,837 Main St,Credit Card,Pending,TRK45275439,7,SAVE10,Email,1575.2,412.50169290672085,0.01015744032503809,High,0.5714285714285714,1,Premium,1,0
ORD200384,2024-11-24,C35628,Chair,3,553.57,147 Main St,Credit Card,Returned,TRK45688220,4,FREESHIP,Facebook,1660.71,462.7675698948041,0.005419368824177611,Mid,0.75,1,Luxury,11,1
ORD200385,2023-10-31,C56851,Chair,5,191.63,752 Main St,Gift Card,Delivered,TRK65290904,6,FREESHIP,Facebook,958.15,241.8335153246708,0.026091948024839533,Top,0.8333333333333334,1,Mid,10,0
ORD200386,2023-04-28,C12421,Tablet,1,93.02,373 Main St,Online,Returned,TRK32588504,4,FREESHIP,Email,93.02,39.80179172937719,0.010750376263169211,Low,0.25,1,Budget,4,0
ORD200387,2024-06-27,C25316,Printer,2,39.53,904 Main St,Credit Card,Shipped,TRK55423551,3,WINTER15,Google,79.06,25.753294951651622,0.05059448520111308,Low,0.6666666666666666,1,Budget,6,0
ORD200388,2023-12-28,C22657,Printer,3,633.97,152 Main St,Cash,Pending,TRK49157047,7,WINTER15,Facebook,1901.91,530.3924553475191,0.004732085114437592,Mid,0.42857142857142855,1,Luxury,12,0
ORD200389,2023-12-17,C29703,Desk,4,697.5,558 Main St,Cash,Shipped,TRK40543461,7,FREESHIP,Referral,2790.0,728.8551224611709,0.005734767025089606,High,0.5714285714285714,1,Luxury,12,1
ORD200390,2023-07-14,C55996,Printer,5,508.69,885 Main St,Cash,Delivered,TRK30547638,10,FREESHIP,Google,2543.45,638.9891381948403,0.009829169042049186,Top,0.5,1,Premium,7,0
ORD200391,2025-01-16,C60037,Laptop,2,527.46,516 Main St,Debit Card,Cancelled,TRK82009557,3,FREESHIP,Referral,1054.92,330.7047986261202,0.0037917567208887873,Low,0.6666666666666666,1,Luxury,1,0
ORD200392,2024-02-28,C95100,Phone,1,627.2,197 Main St,Online,Delivered,TRK47366265,1,WINTER15,Email,627.2,261.75026573129253,0.0015943877551020406,Low,1.0,1,Luxury,2,0
ORD200393,2024-07-14,C39906,Printer,1,75.01,921 Main St,Credit Card,Returned,TRK24632134,3,FREESHIP,Google,75.01,32.08972192596543,0.013331555792560991,Low,0.3333333333333333,1,Budget,7,1
ORD200394,2023-07-05,C70148,Desk,5,529.55,359 Main St,Gift Card,Shipped,TRK34848650,10,FREESHIP,Facebook,2647.75,665.0640736631732,0.009441979038806534,Top,0.5,1,Luxury,7,0
ORD200395,2025-04-25,C30010,Phone,3,127.41,830 Main St,Gift Card,Delivered,TRK35386084,7,SAVE10,Referral,382.23,108.26225767208224,0.02354603249352484,Mid,0.42857142857142855,1,Budget,4,0
ORD200396,2023-12-01,C99217,Tablet,5,287.13,778 Main St,Online,Shipped,TRK82004594,10,SAVE10,Email,1435.65,362.0404022858404,0.017413715041967055,Top,0.5,1,Mid,12,0
ORD200397,2023-09-28,C30184,Monitor,1,427.06,987 Main St,Online,Cancelled,TRK86674704,1,WINTER15,Referral,427.06,178.3587235985576,0.0023415913454783873,Low,1.0,1,Premium,9,0
ORD200398,2024-09-04,C50275,Phone,5,53.93,729 Main St,Gift Card,Shipped,TRK98925264,7,SAVE10,Instagram,269.65,69.91787828498495,0.09271277582050806,Top,0.7142857142857143,1,Budget,9,0
ORD200399,2024-01-07,C64641,Tablet,5,423.93,319 Main St,Debit Card,Returned,TRK32012588,5,FREESHIP,Facebook,2119.65,531.9977990666698,0.01179440001887104,Top,1.0,1,Premium,1,1
ORD200400,2024-09-28,C56266,Desk,4,160.22,304 Main St,Debit Card,Returned,TRK60088901,9,WINTER15,Instagram,640.88,169.60832761203346,0.024965672200724005,High,0.4444444444444444,1,Budget,9,1
ORD200401,2025-04-09,C98635,Printer,1,538.68,197 Main St,Debit Card,Returned,TRK14225465,6,FREESHIP,Referral,538.68,225.90864273161552,0.0018563896933244228,Low,0.16666666666666666,1,Luxury,4,0
ORD200402,2023-04-09,C83026,Printer,5,337.38,858 Main St,Gift Card,Shipped,TRK79746259,5,FREESHIP,Referral,1686.9,423.8108033473631,0.014820084178078131,Top,1.0,1,Mid,4,1
ORD200403,2024-11-10,C28893,Tablet,1,620.21,740 Main St,Online,Returned,TRK98333066,1,FREESHIP,Referral,620.21,258.83776872618415,0.0016123571048515825,Low,1.0,1,Luxury,11,1
ORD200404,2023-03-09,C45482,Monitor,2,99.1,440 Main St,Cash,Delivered,TRK54571699,6,FREESHIP,Instagram,198.2,63.60753027245206,0.020181634712411706,Low,0.3333333333333333,1,Budget,3,0
ORD200405,2025-01-26,C97774,Monitor,4,451.97,603 Main St,Online,Cancelled,TRK64664424,7,WINTER15,Email,1807.88,473.09522502415365,0.008850144921123083,High,0.5714285714285714,1,Premium,1,1
ORD200406,2023-12-10,C11657,Tablet,4,66.1,572 Main St,Cash,Returned,TRK50284486,9,WINTER15,Google,264.4,71.56787828498496,0.06051437216338881,High,0.4444444444444444,1,Budget,12,1
ORD200407,2023-08-13,C85993,Tablet,4,547.32,250 Main St,Cash,Returned,TRK72547640,8,FREESHIP,Instagram,2189.28,572.6262180564692,0.007308338814587444,High,0.5,1,Luxury,8,1
ORD200408,2025-01-01,C11906,Printer,3,412.53,536 Main St,Online,Pending,TRK31140158,6,WINTER15,Google,1237.59,345.6512120330642,0.007272198385571959,Mid,0.5,1,Premium,1,0
ORD200409,2023-06-28,C45187,Desk,5,84.13,767 Main St,Online,Delivered,TRK12320793,9,SAVE10,Google,420.65,108.0845449516516,0.05943183168905266,Top,0.5555555555555556,1,Budget,6,0
ORD200410,2024-01-18,C37375,Tablet,2,518.23,184 Main St,Debit Card,Shipped,TRK52470162,5,FREESHIP,Email,1036.46,325.35272654837945,0.0038592902765181483,Low,0.4,1,Premium,1,0
ORD200411,2024-06-19,C66567,Desk,2,39.51,981 Main St,Online,Shipped,TRK21174822,5,FREESHIP,Facebook,79.02,26.157461618318283,0.05062009617818274,Low,0.4,1,Budget,6,0
ORD200412,2025-04-11,C42451,Tablet,5,133.01,246 Main St,Credit Card,Returned,TRK31313343,10,FREESHIP,Facebook,665.05,169.39287828498493,0.03759115855950681,Top,0.5,1,Budget,4,0
ORD200413,2023-10-08,C13923,Tablet,1,118.8,123 Main St,Online,Delivered,TRK87598790,6,SAVE10,Email,118.8,50.959736251402916,0.008417508417508417,Low,0.16666666666666666,1,Budget,10,1
ORD200414,2025-05-04,C11829,Desk,2,139.57,797 Main St,Cash,Delivered,TRK84229257,4,WINTER15,Facebook,279.14,88.48363828783643,0.014329727018700295,Low,0.5,1,Budget,5,1
ORD200415,2025-04-06,C62169,Chair,1,184.15,655 Main St,Gift Card,Shipped,TRK64558985,5,FREESHIP,Facebook,184.15,77.98007172594805,0.005430355688297583,Low,0.2,1,Budget,4,1
ORD200416,2023-07-18,C20881,Laptop,2,644.05,652 Main St,Gift Card,Cancelled,TRK26263902,5,WINTER15,Referral,1288.1,403.99010089149397,0.0031053489635897834,Low,0.4,1,Luxury,7,0
ORD200417,2023-10-24,C44492,Laptop,5,55.41,954 Main St,Online,Cancelled,TRK51429869,5,FREESHIP,Google,277.05,71.35121161831829,0.09023641941887746,Top,1.0,1,Budget,10,0
ORD200418,2023-01-11,C74169,Printer,1,310.93,862 Main St,Online,Cancelled,TRK66144809,3,FREESHIP,Facebook,310.93,130.38803602632962,0.0032161579776798636,Low,0.3333333333333333,1,Mid,1,0
ORD200419,2024-04-17,C70999,Tablet,2,216.66,885 Main St,Debit Card,Pending,TRK75644156,6,FREESHIP,Instagram,433.32,137.08070517554387,0.009231053263177328,Low,0.3333333333333333,1,Mid,4,0
ORD200420,2024-11-29,C11921,Phone,1,452.7,439 Main St,Debit Card,Shipped,TRK91362635,5,FREESHIP,Instagram,452.7,189.87536816140195,0.002208968411751712,Low,0.2,1,Premium,11,0
ORD200421,2023-10-15,C50683,Chair,2,288.21,769 Main St,Debit Card,Cancelled,TRK53032122,5,FREESHIP,Email,576.42,181.59073989741276,0.006939384476596927,Low,0.4,1,Mid,10,1
ORD200422,2023-06-05,C76140,Phone,4,206.6,914 Main St,Gift Card,Returned,TRK25861469,6,WINTER15,Referral,826.4,217.29489351403677,0.01936108422071636,High,0.6666666666666666,1,Mid,6,0
ORD200423,2024-07-20,C94311,Printer,4,685.2,195 Main St,Gift Card,Cancelled,TRK97308771,6,WINTER15,Google,2740.8,715.8343062852696,0.005837711617046118,High,0.6666666666666666,1,Luxury,7,1
ORD200424,2023-04-12,C49491,Chair,5,22.94,339 Main St,Cash,Pending,TRK64012257,10,FREESHIP,Email,114.7,31.80537828498495,0.2179598953792502,Top,0.5,1,Budget,4,0
ORD200425,2023-03-09,C40648,Laptop,2,301.88,488 Main St,Gift Card,Returned,TRK25325993,5,WINTER15,Email,603.76,190.13443752484432,0.0066251490658539814,Low,0.4,1,Mid,3,0
ORD200426,2025-03-16,C40967,Monitor,5,57.45,315 Main St,Cash,Cancelled,TRK24839296,10,FREESHIP,Facebook,287.25,74.94287828498496,0.08703220191470844,Top,0.5,1,Budget,3,1
ORD200427,2024-12-18,C25406,Desk,1,161.24,379 Main St,Credit Card,Pending,TRK70952564,3,WINTER15,Instagram,161.24,68.01770032250063,0.006201935003721161,Low,0.3333333333333333,1,Budget,12,0
ORD200428,2024-11-26,C77085,Chair,4,262.58,895 Main St,Online,Cancelled,TRK57227640,8,WINTER15,Email,1050.32,276.02337224211027,0.015233452662045854,High,0.5,1,Mid,11,0
ORD200429,2024-12-19,C38126,Printer,4,515.19,522 Main St,Credit Card,Pending,TRK90838498,9,SAVE10,Facebook,2060.76,539.3658773543094,0.007764125856480133,High,0.4444444444444444,1,Premium,12,0
ORD200430,2023-06-07,C87448,Phone,1,450.07,433 Main St,Gift Card,Shipped,TRK44134016,6,FREESHIP,Google,450.07,188.98787031276615,0.002221876596973804,Low,0.16666666666666666,1,Premium,6,0
ORD200431,2024-10-06,C62312,Printer,1,52.54,651 Main St,Debit Card,Cancelled,TRK59623037,6,WINTER15,Facebook,52.54,23.35317218627078,0.01903311762466692,Low,0.16666666666666666,1,Budget,10,1
ORD200432,2023-09-04,C58443,Tablet,2,424.32,662 Main St,Credit Card,Returned,TRK77163738,6,FREESHIP,Referral,848.64,266.8674522373052,0.00471342383107089,Low,0.3333333333333333,1,Premium,9,0
ORD200433,2023-08-26,C36613,Monitor,3,631.64,785 Main St,Credit Card,Returned,TRK13282106,3,FREESHIP,Facebook,1894.92,527.6174582568129,0.004749540877715154,Mid,1.0,1,Luxury,8,1
ORD200434,2023-10-22,C73893,Printer,5,327.68,384 Main St,Credit Card,Returned,TRK85939879,6,FREESHIP,Facebook,1638.4,411.89420979817714,0.0152587890625,Top,0.8333333333333334,1,Mid,10,1
ORD200435,2023-05-27,C48601,Printer,1,414.47,101 Main St,Debit Card,Returned,TRK97868309,3,FREESHIP,Instagram,414.47,173.52956878664324,0.00241271985909716,Low,0.3333333333333333,1,Premium,5,1
ORD200436,2023-02-11,C14568,Laptop,4,221.33,651 Main St,Online,Pending,TRK73545796,5,FREESHIP,Google,885.32,232.43009542688898,0.018072561333755024,High,0.8,1,Mid,2,1
ORD200437,2024-04-18,C63378,Phone,1,512.39,955 Main St,Online,Delivered,TRK20863705,2,FREESHIP,Instagram,512.39,214.12115860640006,0.001951638400437167,Low,0.5,1,Premium,4,0
ORD200438,2025-01-03,C77800,Tablet,3,459.34,436 Main St,Gift Card,Pending,TRK27439574,3,SAVE10,Instagram,1378.02,384.0344218516422,0.006531109853267733,Mid,1.0,1,Premium,1,0
ORD200439,2024-09-08,C91155,Tablet,1,146.32,321 Main St,Online,Shipped,TRK36260319,4,WINTER15,Facebook,146.32,62.00947238928376,0.00683433570256971,Low,0.25,1,Budget,9,1
ORD200440,2024-11-05,C60215,Desk,4,83.6,978 Main St,Debit Card,Pending,TRK31727767,4,SAVE10,Facebook,334.4,88.75537828498494,0.04784688995215311,High,1.0,1,Budget,11,0
ORD200441,2023-12-13,C52915,Printer,2,328.54,475 Main St,Gift Card,Returned,TRK79466982,6,FREESHIP,Email,657.08,207.00518125646803,0.006087538808059901,Low,0.3333333333333333,1,Mid,12,0
ORD200442,2024-05-06,C72588,Chair,5,314.94,661 Main St,Cash,Pending,TRK43410829,8,SAVE10,Instagram,1574.7,396.38597933998017,0.015876039880612182,Top,0.625,1,Mid,5,0
ORD200443,2024-05-14,C61668,Chair,2,69.64,813 Main St,Cash,Returned,TRK58970302,6,FREESHIP,Facebook,139.28,45.196453187823096,0.02871912693854107,Low,0.3333333333333333,1,Budget,5,0
ORD200444,2024-06-08,C79508,Printer,1,135.17,585 Main St,Online,Shipped,TRK61882353,6,FREESHIP,Instagram,135.17,57.780399681882066,0.0073980912924465495,Low,0.16666666666666666,1,Budget,6,1
ORD200445,2024-03-23,C94569,Phone,1,487.21,227 Main St,Cash,Delivered,TRK31351770,3,SAVE10,Referral,487.21,203.8378420838379,0.0020525030274419656,Low,0.3333333333333333,1,Premium,3,1
ORD200446,2023-10-18,C89592,Laptop,5,509.58,262 Main St,Online,Delivered,TRK49442402,6,FREESHIP,Instagram,2547.9,639.2683020003401,0.009812002040896425,Top,0.8333333333333334,1,Premium,10,0
ORD200447,2024-04-07,C48207,Printer,2,416.81,356 Main St,Cash,Returned,TRK45355655,2,FREESHIP,Facebook,833.62,261.340383058228,0.00479834936781747,Low,1.0,1,Premium,4,1
ORD200448,2023-09-04,C16776,Laptop,2,160.0,854 Main St,Cash,Pending,TRK12860600,4,SAVE10,Instagram,320.0,101.25208333333335,0.0125,Low,0.5,1,Budget,9,0
ORD200449,2024-08-26,C91518,Tablet,3,253.05,286 Main St,Online,Pending,TRK48688724,3,FREESHIP,Instagram,759.1500000000001,212.12697589409208,0.011855364552459988,Mid,1.0,1,Mid,8,0
ORD200450,2024-01-15,C36408,Monitor,5,615.1,160 Main St,Gift Card,Returned,TRK94023253,10,WINTER15,Instagram,3075.5,772.0013547932585,0.008128759551292473,Top,0.5,1,Luxury,1,0
ORD200451,2023-04-01,C14837,Monitor,1,183.18,647 Main St,Debit Card,Cancelled,TRK17501136,6,SAVE10,Email,183.18,77.78424318520946,0.005459111256687411,Low,0.16666666666666666,1,Budget,4,1
ORD200452,2023-07-23,C36467,Printer,1,75.78,581 Main St,Cash,Pending,TRK20863987,5,SAVE10,Google,75.78,32.8271993489927,0.013196093956188967,Low,0.2,1,Budget,7,1
ORD200453,2025-05-02,C15017,Tablet,1,675.57,492 Main St,Cash,Shipped,TRK51241924,1,WINTER15,Facebook,675.57,281.90441337191805,0.0014802315082078836,Low,1.0,1,Luxury,5,0
ORD200454,2024-11-27,C54759,Laptop,1,109.29,686 Main St,Debit Card,Cancelled,TRK75583042,5,FREESHIP,Google,109.29,46.789024994662526,0.009149967975112087,Low,0.2,1,Budget,11,0
ORD200455,2024-03-26,C58341,Phone,1,639.83,874 Main St,Debit Card,Pending,TRK32856728,2,SAVE10,Referral,639.83,267.2210938191916,0.0015629151493365425,Low,0.5,1,Luxury,3,0
ORD200456,2023-06-26,C94479,Desk,5,62.81,259 Main St,Credit Card,Shipped,TRK69089975,9,SAVE10,Facebook,314.05,81.43454495165163,0.07960515841426524,Top,0.5555555555555556,1,Budget,6,0
ORD200457,2025-05-25,C50236,Desk,4,615.83,545 Main St,Online,Returned,TRK67692578,4,WINTER15,Instagram,2463.32,643.1573325498379,0.00649529902732897,High,1.0,1,Luxury,5,1
ORD200458,2024-07-02,C31412,Monitor,4,510.58,196 Main St,Credit Card,Returned,TRK61946127,7,WINTER15,Email,2042.32,534.1471390379568,0.00783422774100043,High,0.5714285714285714,1,Premium,7,0
ORD200459,2024-07-24,C90142,Desk,1,334.39,433 Main St,Credit Card,Returned,TRK39717191,2,FREESHIP,Instagram,334.39,139.95466508667522,0.002990520051436945,Low,0.5,1,Mid,7,0
ORD200460,2024-10-06,C83548,Laptop,1,144.25,474 Main St,Cash,Returned,TRK93822942,2,WINTER15,Referral,144.25,60.73032206816868,0.006932409012131715,Low,0.5,1,Budget,10,1
ORD200461,2024-06-08,C29697,Tablet,1,401.82,407 Main St,Credit Card,Shipped,TRK47776482,5,FREESHIP,Google,401.82,168.6754147794203,0.0024886765218256933,Low,0.2,1,Premium,6,1
ORD200462,2025-03-31,C22991,Phone,1,252.68,731 Main St,Online,Cancelled,TRK32796086,1,FREESHIP,Referral,252.68,105.7006595957997,0.0039575747981636855,Low,1.0,1,Mid,3,0
ORD200463,2023-05-26,C25276,Laptop,5,662.78,214 Main St,Debit Card,Shipped,TRK14011732,9,SAVE10,Instagram,3313.9,831.392923996902,0.007543981411629802,Top,0.5555555555555556,1,Luxury,5,0
ORD200464,2023-03-14,C39176,Tablet,4,434.42,739 Main St,Online,Cancelled,TRK71418686,6,FREESHIP,Google,1737.68,454.6057012798674,0.009207679204456516,High,0.6666666666666666,1,Premium,3,0
ORD200465,2024-02-26,C58773,Printer,5,513.49,391 Main St,Gift Card,Cancelled,TRK65438300,8,FREESHIP,Google,2567.45,644.5724562146617,0.009737287970554441,Top,0.625,1,Premium,2,0
ORD200466,2023-07-18,C37412,Phone,1,432.47,895 Main St,Cash,Delivered,TRK97829604,4,FREESHIP,Referral,432.47,181.23788538318652,0.0023122991190140355,Low,0.25,1,Premium,7,0
ORD200467,2024-08-30,C36492,Desk,1,45.94,572 Main St,Cash,Cancelled,TRK44350440,2,WINTER15,Email,45.94,19.770294587142647,0.021767522855899,Low,0.5,1,Budget,8,0
ORD200468,2025-06-21,C90110,Phone,1,418.36,998 Main St,Credit Card,Delivered,TRK60203957,5,FREESHIP,Email,418.36,175.56706504764637,0.0023902858781910314,Low,0.2,1,Premium,6,1
ORD200469,2023-11-26,C13877,Chair,5,676.98,893 Main St,Cash,Cancelled,TRK17254691,5,FREESHIP,Facebook,3330.4075,836.9569601237604,0.007385742562557239,Top,1.0,1,Luxury,11,1
ORD200470,2023-09-29,C25149,Tablet,4,263.62,672 Main St,Cash,Shipped,TRK33538608,5,SAVE10,Email,1054.48,276.4816955592646,0.015173355587588195,High,0.8,1,Mid,9,0
ORD200471,2025-04-19,C52717,Desk,5,551.27,395 Main St,Online,Cancelled,TRK27625571,7,FREESHIP,Referral,2756.35,691.5890116609526,0.009069965715529595,Top,0.7142857142857143,1,Luxury,4,1
ORD200472,2023-01-06,C60029,Chair,3,508.12,796 Main St,Credit Card,Cancelled,TRK86461316,8,FREESHIP,Referral,1524.36,425.7259840195229,0.005904117137684011,Mid,0.375,1,Premium,1,0
ORD200473,2025-02-25,C28552,Chair,2,14.93,449 Main St,Online,Shipped,TRK71597160,4,FREESHIP,Facebook,29.86,10.586628284984952,0.13395847287340926,Low,0.5,1,Budget,2,0
ORD200474,2023-11-15,C72293,Printer,3,229.34,398 Main St,Credit Card,Shipped,TRK84378003,6,SAVE10,Referral,688.02,192.9938468358478,0.013081015086770733,Mid,0.5,1,Mid,11,0
ORD200475,2025-04-19,C29844,Tablet,2,438.62,363 Main St,Cash,Cancelled,TRK91642337,3,SAVE10,Facebook,877.24,275.17992662593286,0.004559755597099996,Low,0.6666666666666666,1,Premium,4,1
ORD200476,2024-01-15,C77872,Phone,2,513.59,867 Main St,Online,Returned,TRK19292184,4,FREESHIP,Referral,1027.18,322.2443990261363,0.003894156817695048,Low,0.5,1,Premium,1,0
ORD200477,2025-03-05,C56564,Phone,2,253.74,481 Main St,Online,Shipped,TRK13166044,5,SAVE10,Google,507.48,160.04714701400385,0.007882084023015686,Low,0.4,1,Mid,3,0
ORD200478,2024-11-01,C16758,Tablet,3,62.77,914 Main St,Gift Card,Shipped,TRK88544431,6,FREESHIP,Referral,188.31,54.18871161831829,0.04779353194201051,Mid,0.5,1,Budget,11,0
ORD200479,2023-02-18,C87011,Monitor,4,25.29,943 Main St,Credit Card,Pending,TRK21429162,8,FREESHIP,Google,101.16,28.849128284984953,0.15816528272044286,High,0.5,1,Budget,2,1
ORD200480,2023-06-16,C21147,Chair,1,335.1,126 Main St,Debit Card,Pending,TRK93171043,6,FREESHIP,Referral,335.1,141.08383069730428,0.0029841838257236644,Low,0.16666666666666666,1,Mid,6,0
ORD200481,2023-04-23,C94568,Laptop,4,484.85,317 Main St,Debit Card,Delivered,TRK58653915,5,WINTER15,Referral,1939.4,506.92845832903646,0.008249974218830565,High,0.8,1,Premium,4,1
ORD200482,2025-03-02,C35852,Monitor,3,381.41,989 Main St,Online,Pending,TRK22302049,6,FREESHIP,Instagram,1144.23,319.71797759191776,0.007865551506253112,Mid,0.5,1,Premium,3,1
ORD200483,2023-01-18,C66462,Phone,5,347.92,982 Main St,Cash,Pending,TRK52743700,6,WINTER15,Google,1739.6,437.1940618532996,0.014371119797654633,Top,0.8333333333333334,1,Mid,1,0
ORD200484,2024-05-29,C29092,Chair,4,15.01,767 Main St,Cash,Cancelled,TRK90455340,6,FREESHIP,Facebook,60.04,17.724128284984953,0.2664890073284477,High,0.6666666666666666,1,Budget,5,0
ORD200485,2023-08-01,C46651,Chair,3,404.79,764 Main St,Cash,Shipped,TRK67679195,6,SAVE10,Instagram,1214.37,339.2012352083796,0.0074112502779218855,Mid,0.5,1,Premium,8,0
ORD200486,2023-02-03,C88981,Printer,4,611.26,558 Main St,Cash,Shipped,TRK75267873,5,SAVE10,Referral,2445.04,638.6052573100372,0.006543860223145633,High,0.8,1,Luxury,2,0
ORD200487,2023-03-09,C40136,Printer,3,346.52,211 Main St,Credit Card,Pending,TRK92924852,3,SAVE10,Google,1039.56,290.01810958482434,0.008657508946092579,Mid,1.0,1,Mid,3,0
ORD200488,2024-12-05,C81573,Chair,1,36.65,556 Main St,Online,Cancelled,TRK96522994,1,WINTER15,Email,36.65,15.692047521600728,0.027285129604365622,Low,1.0,1,Budget,12,0
ORD200489,2023-09-05,C11940,Tablet,3,149.34,589 Main St,Gift Card,Cancelled,TRK85466461,7,WINTER15,Email,448.02,126.53668139815187,0.020088388911209322,Mid,0.42857142857142855,1,Budget,9,0
ORD200490,2024-07-22,C50097,Chair,5,467.81,539 Main St,Online,Cancelled,TRK62785150,10,FREESHIP,Facebook,2339.05,587.8892813499783,0.01068809986960518,Top,0.5,1,Premium,7,0
ORD200491,2023-01-05,C98168,Phone,5,420.7,481 Main St,Cash,Pending,TRK56423359,5,WINTER15,Facebook,2103.5,527.9603141589415,0.01188495364868077,Top,1.0,1,Premium,1,0
ORD200492,2023-10-25,C39074,Laptop,5,606.52,103 Main St,Debit Card,Shipped,TRK13027036,6,SAVE10,Instagram,3032.6,760.443040625206,0.008243751236562685,Top,0.8333333333333334,1,Luxury,10,0
ORD200493,2025-01-28,C84908,Phone,1,420.26,372 Main St,Credit Card,Pending,TRK64135970,4,FREESHIP,Facebook,420.26,176.150396579895,0.002379479369913863,Low,0.25,1,Premium,1,0
ORD200494,2023-07-19,C64516,Laptop,3,505.79,459 Main St,Debit Card,Pending,TRK63920573,3,FREESHIP,Referral,1517.37,422.74265521922797,0.005931315368038119,Mid,1.0,1,Premium,7,0
ORD200495,2025-06-05,C63827,Phone,4,493.73,947 Main St,Debit Card,Pending,TRK35730581,6,SAVE10,Facebook,1974.92,516.3867669323314,0.00810159398861726,High,0.6666666666666666,1,Premium,6,0
ORD200496,2025-03-14,C93618,Printer,3,201.21,249 Main St,Online,Cancelled,TRK66129326,3,SAVE10,Google,603.63,168.92748496595598,0.014909795735798419,Mid,1.0,1,Mid,3,0
ORD200497,2024-10-24,C93948,Printer,3,112.29,454 Main St,Gift Card,Shipped,TRK77358113,6,FREESHIP,Google,336.87,95.45445275625612,0.026716537536735238,Mid,0.5,1,Budget,10,0
ORD200498,2023-07-12,C73961,Tablet,4,132.56,306 Main St,Cash,Returned,TRK32607173,8,WINTER15,Instagram,530.24,140.58836250251457,0.030175015087507542,High,0.5,1,Budget,7,0
ORD200499,2023-04-06,C18138,Printer,3,539.46,520 Main St,Credit Card,Shipped,TRK20289483,4,SAVE10,Facebook,1618.38,451.00926018611204,0.005561116672227783,Mid,0.75,1,Luxury,4,0
ORD200500,2024-04-07,C79475,Laptop,5,508.59,169 Main St,Cash,Returned,TRK42168516,8,WINTER15,Facebook,2542.95,638.4474718502789,0.009831101673253505,Top,0.625,1,Premium,4,1
ORD200501,2024-02-04,C88546,Desk,4,203.46,226 Main St,Credit Card,Pending,TRK19867754,7,SAVE10,Referral,813.84,214.2324433140011,0.01965988400668436,High,0.5714285714285714,1,Mid,2,1
ORD200502,2023-05-20,C69332,Monitor,3,565.25,745 Main St,Debit Card,Returned,TRK65718848,7,SAVE10,Email,1695.75,473.125884564352,0.005307386112339673,Mid,0.42857142857142855,1,Luxury,5,1
ORD200503,2023-08-31,C64554,Tablet,3,136.84,498 Main St,Online,Pending,TRK95384568,4,FREESHIP,Facebook,410.52,115.4953205690344,0.021923414206372404,Mid,0.75,1,Budget,8,0
ORD200504,2025-06-11,C11676,Monitor,2,464.5,805 Main St,Online,Cancelled,TRK35726395,2,WINTER15,Instagram,929.0,291.14655095084316,0.004305705059203444,Low,1.0,1,Premium,6,0
ORD200505,2023-06-11,C36014,Printer,2,434.97,558 Main St,Online,Shipped,TRK97246526,7,FREESHIP,Email,869.94,273.7320163363757,0.004598018254132468,Low,0.2857142857142857,1,Premium,6,1
ORD200506,2023-07-25,C23279,Monitor,2,43.67,696 Main St,Cash,Returned,TRK58039693,4,WINTER15,Instagram,87.34,28.54912828498495,0.04579803068468056,Low,0.5,1,Budget,7,0
ORD200507,2023-07-05,C86481,Phone,1,171.59,546 Main St,Credit Card,Pending,TRK87513944,5,WINTER15,Email,171.59,72.7468046409076,0.005827845445538785,Low,0.2,1,Budget,7,0
ORD200508,2025-05-14,C39550,Phone,1,558.27,976 Main St,Online,Delivered,TRK24120267,1,FREESHIP,Referral,558.27,233.02946520799375,0.0017912479624554428,Low,1.0,1,Luxury,5,0
ORD200509,2023-02-15,C68937,Laptop,2,425.03,560 Main St,Cash,Returned,TRK31908657,2,WINTER15,Google,850.06,266.4778675916994,0.004705550196456721,Low,1.0,1,Premium,2,0
ORD200510,2024-12-16,C72533,Printer,1,376.76,389 Main St,Debit Card,Delivered,TRK51288986,5,SAVE10,Email,376.76,158.23377570159604,0.002654209576388152,Low,0.2,1,Premium,12,0
ORD200511,2024-03-15,C11415,Monitor,5,575.24,267 Main St,Cash,Delivered,TRK65061457,7,WINTER15,Email,2876.2,721.5514486706996,0.008692024198595369,Top,0.7142857142857143,1,Luxury,3,0
ORD200512,2024-09-27,C14114,Desk,3,568.02,856 Main St,Online,Pending,TRK63290700,3,FREESHIP,Instagram,1704.06,474.60088025069535,0.005281504172388297,Mid,1.0,1,Luxury,9,0
ORD200513,2025-02-09,C64128,Tablet,3,94.88,533 Main St,Gift Card,Shipped,TRK37053575,8,FREESHIP,Referral,284.64,81.36360314783586,0.031618887015177066,Mid,0.375,1,Budget,2,1
ORD200514,2023-04-16,C15629,Printer,3,304.15,492 Main St,Gift Card,Shipped,TRK64926044,3,WINTER15,Instagram,912.4499999999999,254.7099772590279,0.009863554167351636,Mid,1.0,1,Mid,4,1
ORD200515,2023-03-14,C67561,Phone,3,553.52,160 Main St,Gift Card,Shipped,TRK75900717,4,FREESHIP,Facebook,1660.56,462.72590330972685,0.005419858361034832,Mid,0.75,1,Luxury,3,0
ORD200516,2024-04-07,C47022,Monitor,3,166.99,208 Main St,Cash,Returned,TRK28855040,8,FREESHIP,Facebook,500.97,141.45299419126894,0.017965147613629558,Mid,0.375,1,Budget,4,1
ORD200517,2024-04-09,C55205,Tablet,4,198.35,943 Main St,Cash,Cancelled,TRK88141634,7,FREESHIP,Google,793.4,208.90961106209565,0.0201663725737333,High,0.5714285714285714,1,Mid,4,0
ORD200518,2025-06-13,C30686,Printer,4,403.58,319 Main St,Online,Pending,TRK59807273,9,SAVE10,Referral,1614.32,423.1058185489865,0.009911293919421181,High,0.4444444444444444,1,Premium,6,0
ORD200519,2025-05-10,C71797,Laptop,4,464.29,941 Main St,Debit Card,Returned,TRK66010667,5,SAVE10,Email,1857.16,485.5118525508483,0.00861530508949148,High,0.8,1,Premium,5,1
ORD200520,2023-03-10,C66332,Monitor,3,635.98,959 Main St,Cash,Returned,TRK27063398,5,FREESHIP,Referral,1907.94,531.650786188245,0.004717129469480172,Mid,0.6,1,Luxury,3,0
ORD200521,2024-02-25,C82318,Phone,1,528.06,991 Main St,Credit Card,Shipped,TRK37534165,2,FREESHIP,Facebook,528.06,220.65031562069964,0.0018937241980078023,Low,0.5,1,Luxury,2,1
ORD200522,2024-04-20,C66254,Chair,1,515.32,740 Main St,Gift Card,Cancelled,TRK82843861,1,FREESHIP,Email,515.32,215.1336567569666,0.0019405417992703561,Low,1.0,1,Premium,4,1
ORD200523,2025-02-18,C65083,Desk,4,657.79,652 Main St,Credit Card,Returned,TRK60937148,6,WINTER15,Google,2631.16,687.2822634946816,0.006080968090119947,High,0.6666666666666666,1,Luxury,2,0
ORD200524,2023-10-25,C44778,Phone,1,153.0,103 Main St,Credit Card,Returned,TRK92617366,4,FREESHIP,Referral,153.0,64.7927559912854,0.006535947712418301,Low,0.25,1,Budget,10,0
ORD200525,2023-12-03,C54499,Monitor,1,668.48,160 Main St,Debit Card,Shipped,TRK18061555,1,SAVE10,Email,668.48,278.9502493218446,0.0014959310674964098,Low,1.0,1,Luxury,12,1
ORD200526,2024-02-29,C91201,Desk,2,46.5,837 Main St,Cash,Returned,TRK63526023,7,WINTER15,Google,93.0,30.942878284984953,0.043010752688172046,Low,0.2857142857142857,1,Budget,2,0
ORD200527,2024-08-19,C27202,Chair,5,653.47,967 Main St,Credit Card,Cancelled,TRK75406128,10,SAVE10,Referral,3267.35,819.9637752434438,0.007651460663840727,Top,0.5,1,Luxury,8,0
ORD200528,2025-02-26,C32011,Chair,1,628.89,686 Main St,Credit Card,Returned,TRK70997744,2,SAVE10,Referral,628.89,262.6627650171996,0.0015901031976975307,Low,0.5,1,Luxury,2,0
ORD200529,2024-04-07,C21181,Tablet,2,675.1,938 Main St,Cash,Pending,TRK50363421,4,FREESHIP,Google,1350.2,423.18799375401176,0.0029625240705080727,Low,0.5,1,Luxury,4,1
ORD200530,2024-07-18,C98450,Chair,4,89.41,613 Main St,Online,Pending,TRK14809530,9,FREESHIP,Google,357.64,95.84912828498494,0.04473772508667934,High,0.4444444444444444,1,Budget,7,0
ORD200531,2024-07-02,C64502,Desk,5,320.01,722 Main St,Gift Card,Delivered,TRK14914388,6,FREESHIP,Referral,1600.05,402.30677075195564,0.015624511734008313,Top,0.8333333333333334,1,Mid,7,0
ORD200532,2025-05-03,C47365,Laptop,2,41.0,369 Main St,Online,Delivered,TRK42207882,7,FREESHIP,Email,82.0,27.505378284984953,0.04878048780487805,Low,0.2857142857142857,1,Budget,5,1
ORD200533,2023-03-05,C66349,Desk,1,565.85,715 Main St,Gift Card,Returned,TRK63550793,1,FREESHIP,Facebook,565.85,236.18779454213427,0.0017672528055138288,Low,1.0,1,Luxury,3,1
ORD200534,2024-06-06,C73289,Chair,3,648.59,906 Main St,Debit Card,Cancelled,TRK70872738,4,SAVE10,Email,1945.77,541.9507709030358,0.00462541821489693,Mid,0.75,1,Luxury,6,0
ORD200535,2024-07-24,C48649,Monitor,3,68.12,332 Main St,Online,Cancelled,TRK45821445,3,FREESHIP,Email,204.36,58.02204495165162,0.044039929536112736,Mid,1.0,1,Budget,7,0
ORD200536,2024-06-09,C18724,Chair,1,616.1,124 Main St,Cash,Returned,TRK52508861,6,FREESHIP,Email,616.1,258.1669371855218,0.0016231131309852296,Low,0.16666666666666666,1,Luxury,6,1
ORD200537,2025-03-23,C68553,Tablet,3,247.47,385 Main St,Online,Delivered,TRK58218971,4,SAVE10,Facebook,742.41,207.68535378025618,0.012122681537156019,Mid,0.75,1,Mid,3,1
ORD200538,2024-05-24,C61280,Phone,3,490.74,100 Main St,Cash,Shipped,TRK95487711,3,WINTER15,Email,1472.22,410.2010188694624,0.006113216774666829,Mid,1.0,1,Premium,5,0
ORD200539,2025-02-18,C53277,Desk,3,531.72,473 Main St,Gift Card,Delivered,TRK17653832,7,SAVE10,Google,1595.16,445.18427367787564,0.005642067253441661,Mid,0.42857142857142855,1,Luxury,2,0
ORD200540,2024-01-29,C87281,Laptop,5,648.65,852 Main St,Online,Pending,TRK81765057,7,FREESHIP,Referral,3243.25,813.3137847195458,0.007708317274339012,Top,0.7142857142857143,1,Luxury,1,0
ORD200541,2023-08-07,C69009,Printer,5,456.06,879 Main St,Cash,Pending,TRK61295842,10,FREESHIP,Instagram,2280.3,573.2018272449532,0.010963469718896637,Top,0.5,1,Premium,8,0
ORD200542,2023-11-14,C49726,Tablet,1,17.98,934 Main St,Cash,Cancelled,TRK20739460,6,FREESHIP,Email,17.98,8.955378284984953,0.05561735261401557,Low,0.16666666666666666,1,Budget,11,0
ORD200543,2024-03-09,C37531,Desk,5,269.86,354 Main St,Cash,Shipped,TRK93877673,6,WINTER15,Facebook,1349.3,339.61975468761574,0.018528125694804713,Top,0.8333333333333334,1,Mid,3,1
ORD200544,2024-03-10,C48713,Printer,5,31.96,373 Main St,Credit Card,Returned,TRK96334419,5,FREESHIP,Referral,159.8,42.03871161831829,0.15644555694618273,Top,1.0,1,Budget,3,1
ORD200545,2023-12-19,C74138,Monitor,2,98.47,964 Main St,Cash,Returned,TRK74091695,3,FREESHIP,Instagram,196.94,62.58880179242408,0.02031075454453133,Low,0.6666666666666666,1,Budget,12,0
ORD200546,2024-03-01,C82399,Monitor,1,158.68,928 Main St,Credit Card,Returned,TRK77177284,6,WINTER15,Instagram,158.68,67.57605033190488,0.006301991429291656,Low,0.16666666666666666,1,Budget,3,0
ORD200547,2023-08-20,C40427,Phone,1,613.98,411 Main St,Online,Delivered,TRK25392280,4,FREESHIP,Facebook,613.98,256.86693811959134,0.00162871754780286,Low,0.25,1,Luxury,8,1
ORD200548,2024-01-05,C17103,Printer,3,426.12,922 Main St,Online,Delivered,TRK64398650,5,WINTER15,Instagram,1278.36,356.7678400450577,0.007040270346381301,Mid,0.6,1,Premium,1,0
ORD200549,2025-02-25,C34266,Monitor,4,629.88,550 Main St,Debit Card,Cancelled,TRK56378197,8,WINTER15,Instagram,2519.52,658.6260584026587,0.006350415952244872,High,0.5,1,Luxury,2,0
ORD200550,2023-10-29,C97485,Laptop,4,228.91,573 Main St,Cash,Shipped,TRK81794737,4,FREESHIP,Google,915.64,240.1174956860775,0.01747411646498624,High,1.0,1,Mid,10,1
ORD200551,2023-05-18,C23947,Laptop,1,120.98,353 Main St,Debit Card,Delivered,TRK74812710,6,WINTER15,Email,120.98,51.86804430484378,0.008265829062654984,Low,0.16666666666666666,1,Budget,5,0
ORD200552,2023-09-30,C21665,Chair,4,425.18,560 Main St,Online,Returned,TRK29890761,8,WINTER15,Facebook,1700.72,445.3974012967057,0.009407780234253729,High,0.5,1,Premium,9,1
ORD200553,2023-08-23,C82550,Phone,2,333.83,828 Main St,Gift Card,Cancelled,TRK74103758,4,FREESHIP,Referral,667.66,209.89474851221678,0.005991073300781836,Low,0.5,1,Mid,8,0
ORD200554,2025-05-30,C61943,Laptop,2,492.9,610 Main St,Cash,Returned,TRK66126496,5,FREESHIP,Instagram,985.8,309.52150960302964,0.004057618178129438,Low,0.4,1,Premium,5,0
ORD200555,2023-01-07,C88933,Tablet,1,92.04,333 Main St,Cash,Shipped,TRK89306964,2,FREESHIP,Facebook,92.04,38.97681080689556,0.01086484137331595,Low,0.5,1,Budget,1,1
ORD200556,2023-01-28,C30923,Laptop,1,654.27,932 Main St,Gift Card,Pending,TRK82609328,2,SAVE10,Facebook,654.27,273.2377547368314,0.001528420988277011,Low,0.5,1,Luxury,1,1
ORD200557,2023-06-29,C56969,Tablet,1,56.2,130 Main St,Debit Card,Pending,TRK40719215,1,WINTER15,Facebook,56.2,23.83629893238434,0.01779359430604982,Low,1.0,1,Budget,6,0
ORD200558,2024-07-16,C76766,Phone,4,628.12,485 Main St,Online,Delivered,TRK32052962,6,WINTER15,Instagram,2512.48,656.3760613683161,0.006368209896198179,High,0.6666666666666666,1,Luxury,7,0
ORD200559,2024-04-15,C22981,Desk,3,157.4,454 Main St,Debit Card,Cancelled,TRK10115285,7,WINTER15,Email,472.2,133.25317662007623,0.01905972045743329,Mid,0.42857142857142855,1,Budget,4,0
ORD200560,2023-01-31,C33634,Monitor,4,588.85,524 Main St,Gift Card,Pending,TRK93168008,7,FREESHIP,Email,2355.4,615.6782154835697,0.006792901418018171,High,0.5714285714285714,1,Luxury,1,0
ORD200561,2023-01-31,C96822,Printer,2,494.78,198 Main St,Online,Shipped,TRK89180077,2,FREESHIP,Google,989.56,310.071507033429,0.004042200573992482,Low,1.0,1,Premium,1,0
ORD200562,2023-10-06,C76675,Laptop,3,663.93,922 Main St,Gift Card,Returned,TRK28043915,6,FREESHIP,Email,1991.79,555.1507530914403,0.004518548642176133,Mid,0.5,1,Luxury,10,0
ORD200563,2023-12-12,C12039,Laptop,1,132.68,844 Main St,Debit Card,Returned,TRK68645763,1,SAVE10,Referral,132.68,55.70125615516029,0.00753693096171239,Low,1.0,1,Budget,12,0
ORD200564,2025-04-08,C93309,Desk,5,364.28,734 Main St,Credit Card,Cancelled,TRK99446987,5,WINTER15,Google,1821.4,457.4356209509169,0.013725705501262765,Top,1.0,1,Premium,4,0
ORD200565,2023-05-14,C62042,Tablet,5,307.98,214 Main St,Online,Pending,TRK42605492,10,FREESHIP,Facebook,1539.9,388.1027058034072,0.016234820442885902,Top,0.5,1,Mid,5,1
ORD200566,2024-04-18,C83223,Phone,4,162.71,167 Main St,Cash,Cancelled,TRK54339083,7,FREESHIP,Email,650.84,171.7853472691701,0.024583615020588777,High,0.5714285714285714,1,Budget,4,0
ORD200567,2024-09-30,C92575,Chair,5,492.94,153 Main St,Cash,Shipped,TRK53579227,10,FREESHIP,Email,2464.7,619.3016905370497,0.010143222298859902,Top,0.5,1,Premium,9,0
ORD200568,2023-03-10,C29072,Laptop,2,343.99,312 Main St,Online,Delivered,TRK72334047,4,FREESHIP,Google,687.98,216.24471902041728,0.00581412250356115,Low,0.5,1,Mid,3,0
ORD200569,2025-03-22,C25783,Desk,5,250.68,672 Main St,Cash,Shipped,TRK13289741,8,SAVE10,Instagram,1253.4,316.0616576245945,0.019945747566618797,Top,0.625,1,Mid,3,1
ORD200570,2024-12-27,C63727,Desk,2,362.14,122 Main St,Debit Card,Pending,TRK13611021,2,SAVE10,Instagram,724.28,227.1717537876696,0.005522726017562269,Low,1.0,1,Mid,12,0
ORD200571,2024-11-23,C42365,Tablet,1,214.08,867 Main St,Gift Card,Returned,TRK39563288,2,WINTER15,Google,214.08,89.82577852516194,0.004671150971599401,Low,0.5,1,Mid,11,1
ORD200572,2023-11-11,C27438,Printer,1,70.32,341 Main St,Cash,Returned,TRK69125497,4,WINTER15,Facebook,70.32,30.344036784224496,0.014220705346985212,Low,0.25,1,Budget,11,1
ORD200573,2023-01-25,C13205,Chair,5,421.42,522 Main St,Debit Card,Cancelled,TRK30686578,7,FREESHIP,Instagram,2107.1,529.2769774413491,0.011864648094537515,Top,0.7142857142857143,1,Premium,1,0
ORD200574,2024-01-24,C29685,Chair,5,384.69,275 Main St,Credit Card,Pending,TRK97733212,6,FREESHIP,Email,1923.45,483.1563329130815,0.012997478489173101,Top,0.8333333333333334,1,Premium,1,0
ORD200575,2023-06-07,C74005,Chair,5,448.15,528 Main St,Gift Card,Returned,TRK61640534,7,SAVE10,Google,2240.75,562.6893594964483,0.011156978690170702,Top,0.7142857142857143,1,Premium,6,0
ORD200576,2024-05-29,C14457,Laptop,5,79.08,747 Main St,Cash,Pending,TRK42517811,8,FREESHIP,Facebook,395.4,101.56371161831827,0.06322711178553364,Top,0.625,1,Budget,5,0
ORD200577,2023-01-22,C77046,Tablet,4,185.41,967 Main St,Online,Returned,TRK44401497,9,WINTER15,Google,741.64,195.84734563489926,0.02157380939539399,High,0.4444444444444444,1,Budget,1,1
ORD200578,2024-10-10,C50415,Monitor,5,566.07,587 Main St,Credit Card,Delivered,TRK41345634,6,SAVE10,Instagram,2830.35,709.8806388049769,0.008832829862031197,Top,0.8333333333333334,1,Luxury,10,0
ORD200579,2023-06-04,C73999,Tablet,2,187.88,413 Main St,Online,Shipped,TRK67919507,4,WINTER15,Facebook,375.76,118.67677418210205,0.010645092612305727,Low,0.5,1,Mid,6,1
ORD200580,2023-11-14,C71076,Monitor,2,255.99,340 Main St,Credit Card,Delivered,TRK65148292,4,SAVE10,Instagram,511.98,161.24505213419795,0.007812805187702644,Low,0.5,1,Mid,11,0
ORD200581,2024-11-11,C44674,Laptop,1,627.34,942 Main St,Online,Delivered,TRK87158684,1,FREESHIP,Referral,627.34,261.8085990053241,0.0015940319444001658,Low,1.0,1,Luxury,11,0
ORD200582,2024-02-19,C15228,Tablet,3,474.14,558 Main St,Gift Card,Shipped,TRK33860620,8,WINTER15,Google,1422.42,397.4093878741862,0.0063272451174758515,Mid,0.375,1,Premium,2,0
ORD200583,2025-06-15,C27072,Chair,3,154.37,996 Main St,Gift Card,Delivered,TRK29750379,4,FREESHIP,Instagram,463.11,130.10323897130272,0.019433827816285547,Mid,0.75,1,Budget,6,1
ORD200584,2025-03-21,C15257,Chair,4,145.05,626 Main St,Online,Delivered,TRK28779938,6,SAVE10,Google,580.2,153.18167944961507,0.027576697690451565,High,0.6666666666666666,1,Budget,3,0
ORD200585,2023-08-20,C91486,Tablet,4,67.08,907 Main St,Cash,Returned,TRK79617136,8,WINTER15,Google,268.32,72.38037828498496,0.05963029218843172,High,0.5,1,Budget,8,1
ORD200586,2024-11-10,C17389,Monitor,1,522.08,905 Main St,Gift Card,Returned,TRK98857880,5,FREESHIP,Referral,522.08,218.78365256921032,0.0019154152620288077,Low,0.2,1,Luxury,11,1
ORD200587,2023-06-12,C18820,Monitor,5,514.6,347 Main St,Gift Card,Delivered,TRK91547425,10,FREESHIP,Instagram,2573.0,646.3766193807488,0.00971628449280995,Top,0.5,1,Premium,6,0
ORD200588,2024-12-10,C61849,Monitor,4,577.82,811 Main St,Credit Card,Delivered,TRK47613918,9,FREESHIP,Google,2311.28,604.6053204285073,0.006922571042885327,High,0.4444444444444444,1,Luxury,12,0
ORD200589,2025-02-10,C84041,Laptop,2,500.8,900 Main St,Cash,Delivered,TRK84920444,3,FREESHIP,Referral,1001.6,314.0423322683706,0.003993610223642172,Low,0.6666666666666666,1,Premium,2,0
ORD200590,2023-09-10,C55757,Printer,2,461.13,175 Main St,Gift Card,Returned,TRK27356242,4,FREESHIP,Email,922.26,289.456972861955,0.004337171730314662,Low,0.5,1,Premium,9,1
ORD200591,2024-11-18,C18187,Laptop,1,605.28,470 Main St,Gift Card,Shipped,TRK50528185,3,FREESHIP,Referral,605.28,253.0336086879901,0.0016521279407877346,Low,0.3333333333333333,1,Luxury,11,0
ORD200592,2024-04-23,C42306,Phone,3,204.27,938 Main St,Online,Returned,TRK15499648,4,FREESHIP,Google,612.8100000000001,171.68578107406867,0.0146864444118079,Mid,0.75,1,Mid,4,0
ORD200593,2023-08-02,C51024,Monitor,1,489.8,636 Main St,Gift Card,Shipped,TRK31375086,4,FREESHIP,Facebook,489.8,205.12534027494215,0.002041649652919559,Low,0.25,1,Premium,8,0
ORD200594,2024-02-21,C40140,Phone,5,72.64,598 Main St,Credit Card,Cancelled,TRK12671989,7,FREESHIP,Email,363.2,93.30537828498494,0.06883259911894272,Top,0.7142857142857143,1,Budget,2,0
ORD200595,2025-01-10,C72596,Printer,2,385.16,491 Main St,Online,Pending,TRK83870446,7,SAVE10,Email,770.32,242.6008654412019,0.005192647211548447,Low,0.2857142857142857,1,Premium,1,0
ORD200596,2023-06-12,C91805,Desk,3,606.41,653 Main St,Debit Card,Returned,TRK34504030,7,FREESHIP,Facebook,1819.23,507.4258245246615,0.004947147969195759,Mid,0.42857142857142855,1,Luxury,6,0
ORD200597,2024-11-25,C40538,Desk,2,211.82,700 Main St,Gift Card,Cancelled,TRK29821356,4,WINTER15,Email,423.64,133.63907366317315,0.009441979038806534,Low,0.5,1,Mid,11,0
ORD200598,2024-04-26,C60329,Desk,5,495.35,826 Main St,Credit Card,Pending,TRK59069987,5,FREESHIP,Facebook,2476.75,621.2725156455032,0.01009387301907742,Top,1.0,1,Premium,4,0
ORD200599,2023-06-30,C28740,Chair,3,556.99,123 Main St,Online,Cancelled,TRK33642221,4,FREESHIP,Facebook,1670.97,465.6175643488512,0.005386093107596187,Mid,0.75,1,Luxury,6,0
ORD200600,2023-05-26,C87051,Printer,1,72.31,460 Main St,Gift Card,Cancelled,TRK82056333,1,FREESHIP,Facebook,72.31,30.548138224311987,0.013829345871940256,Low,1.0,1,Budget,5,0
ORD200601,2023-10-02,C12479,Monitor,5,24.82,529 Main St,Credit Card,Shipped,TRK73935314,10,FREESHIP,Referral,124.1,34.15537828498495,0.20145044319097502,Top,0.5,1,Budget,10,0
ORD200602,2024-03-05,C35852,Tablet,4,26.04,982 Main St,Online,Pending,TRK64660134,5,SAVE10,Instagram,104.16,29.005378284984953,0.15360983102918588,High,0.8,1,Budget,3,0
ORD200603,2024-10-04,C26223,Tablet,1,657.07,800 Main St,Cash,Pending,TRK50900547,4,SAVE10,Google,657.07,274.82108698464396,0.0015219078636979316,Low,0.25,1,Luxury,10,0
ORD200604,2025-06-22,C99214,Chair,3,32.62,252 Main St,Debit Card,Delivered,TRK81368481,6,FREESHIP,Facebook,97.85999999999999,29.063711618318283,0.09196811771919068,Mid,0.5,1,Budget,6,1
ORD200605,2024-05-10,C49605,Monitor,2,228.91,892 Main St,Debit Card,Shipped,TRK95620066,4,SAVE10,Referral,457.82,144.32020617637207,0.00873705823249312,Low,0.5,1,Mid,5,0
ORD200606,2024-11-06,C85018,Laptop,3,274.75,783 Main St,Cash,Cancelled,TRK54128886,3,SAVE10,Google,824.25,230.21015316954808,0.01091901728844404,Mid,1.0,1,Mid,11,0
ORD200607,2025-05-31,C96434,Printer,4,634.05,282 Main St,Cash,Shipped,TRK56730647,6,SAVE10,Google,2536.2,662.5531347751229,0.006308650737323555,High,0.6666666666666666,1,Luxury,5,1
ORD200608,2024-07-24,C32956,Laptop,5,543.16,788 Main St,Online,Cancelled,TRK73140103,6,SAVE10,Instagram,2715.8,681.2432008984462,0.009205390676780324,Top,0.8333333333333334,1,Luxury,7,0
ORD200609,2025-01-27,C41137,Chair,3,449.13,809 Main St,Cash,Returned,TRK52732162,5,WINTER15,Referral,1347.39,375.94277993008706,0.0066795805223431965,Mid,0.6,1,Premium,1,0
ORD200610,2024-06-16,C60361,Desk,5,389.62,623 Main St,Cash,Returned,TRK83566924,7,FREESHIP,Facebook,1948.1,489.52713883613086,0.012833016785585955,Top,0.7142857142857143,1,Premium,6,1
ORD200611,2023-04-21,C36688,Desk,1,305.17,700 Main St,Gift Card,Returned,TRK35720426,3,WINTER15,Referral,305.17,127.98804614367948,0.0032768620768751843,Low,0.3333333333333333,1,Mid,4,0
ORD200612,2023-06-02,C51811,Chair,3,445.12,339 Main St,Gift Card,Cancelled,TRK82377939,8,FREESHIP,Google,1335.36,373.2261232925953,0.006739755571531272,Mid,0.375,1,Premium,6,0
ORD200613,2024-12-19,C62405,Laptop,2,230.36,154 Main St,Online,Returned,TRK14721763,4,WINTER15,Email,460.72,145.22644701047636,0.008682062858135092,Low,0.5,1,Mid,12,0
ORD200614,2024-03-08,C77363,Phone,1,96.81,807 Main St,Gift Card,Cancelled,TRK12439827,3,FREESHIP,Referral,96.81,41.17255491856902,0.010329511414110112,Low,0.3333333333333333,1,Budget,3,0
ORD200615,2025-03-07,C97218,Monitor,5,460.14,252 Main St,Credit Card,Returned,TRK52632065,10,WINTER15,Facebook,2300.7,578.3018110430158,0.01086625809536228,Top,0.5,1,Premium,3,0
ORD200616,2024-10-17,C43919,Tablet,3,601.6,984 Main St,Credit Card,Cancelled,TRK73113192,7,SAVE10,Facebook,1804.8,503.4174977836879,0.004986702127659574,Mid,0.42857142857142855,1,Luxury,10,0
ORD200617,2024-02-08,C57093,Tablet,3,184.47,834 Main St,Online,Cancelled,TRK75469057,4,FREESHIP,Referral,553.41,155.18604380116008,0.01626280696048138,Mid,0.75,1,Budget,2,0
ORD200618,2024-09-03,C50565,Tablet,1,411.34,399 Main St,Debit Card,Returned,TRK97981418,5,FREESHIP,Instagram,411.34,172.64207184648546,0.0024310789128215104,Low,0.2,1,Premium,9,0
ORD200619,2024-07-16,C38845,Laptop,1,532.89,764 Main St,Gift Card,Pending,TRK47637374,2,FREESHIP,Referral,532.89,222.66281275998173,0.0018765598904089025,Low,0.5,1,Luxury,7,0
ORD200620,2024-03-27,C84834,Tablet,3,136.34,866 Main St,Debit Card,Returned,TRK90136001,8,SAVE10,Referral,409.02,115.91200063566573,0.0220038139944257,Mid,0.375,1,Budget,3,0
ORD200621,2023-10-22,C37455,Phone,5,476.01,146 Main St,Credit Card,Delivered,TRK82685594,7,WINTER15,Google,2380.05,597.5142506635016,0.010503981008802336,Top,0.7142857142857143,1,Premium,10,1
ORD200622,2024-11-02,C27078,Desk,5,236.38,128 Main St,Credit Card,Returned,TRK89314307,7,FREESHIP,Facebook,1181.9,297.97852539695975,0.021152381758185974,Top,0.7142857142857143,1,Mid,11,1
ORD200623,2023-06-16,C91941,Printer,3,396.0,269 Main St,Gift Card,Cancelled,TRK21330732,4,FREESHIP,Instagram,1188.0,331.45959595959596,0.007575757575757576,Mid,0.75,1,Premium,6,0
ORD200624,2024-01-16,C25967,Tablet,5,341.96,747 Main St,Debit Card,Delivered,TRK88559278,6,FREESHIP,Email,1709.8,429.7441035988614,0.014621593168791672,Top,0.8333333333333334,1,Mid,1,0
ORD200625,2023-09-24,C22123,Tablet,1,672.89,519 Main St,Credit Card,Pending,TRK43250279,1,WINTER15,Email,672.89,280.78774768783404,0.0014861270044137973,Low,1.0,1,Luxury,9,1
ORD200626,2024-03-01,C45671,Tablet,2,657.48,769 Main St,Online,Shipped,TRK18179773,5,SAVE10,Referral,1314.96,412.3838403196042,0.0030419176248707184,Low,0.4,1,Luxury,3,0
ORD200627,2023-08-06,C53334,Chair,3,498.68,879 Main St,Online,Returned,TRK31724421,4,FREESHIP,Email,1496.04,417.02600264698805,0.006015881928290687,Mid,0.75,1,Premium,8,1
ORD200628,2023-03-26,C18717,Printer,5,558.63,861 Main St,Cash,Pending,TRK58568806,8,FREESHIP,Referral,2793.15,700.9973250780182,0.008950468109482126,Top,0.625,1,Luxury,3,1
ORD200629,2023-07-07,C50137,Phone,3,19.73,840 Main St,Online,Pending,TRK91836131,3,FREESHIP,Referral,59.19,17.69704495165162,0.15205271160669032,Mid,1.0,1,Budget,7,0
ORD200630,2023-06-23,C51481,Monitor,5,248.84,140 Main St,Debit Card,Cancelled,TRK33437701,10,FREESHIP,Instagram,1244.2,314.1783488720999,0.020093232599260567,Top,0.5,1,Mid,6,0
ORD200631,2024-08-31,C99128,Chair,3,46.11,360 Main St,Gift Card,Returned,TRK32426808,5,WINTER15,Referral,138.33,40.09704495165162,0.06506180871828236,Mid,0.6,1,Budget,8,1
ORD200632,2023-05-02,C67260,Laptop,5,678.16,463 Main St,Gift Card,Delivered,TRK38229104,7,WINTER15,Facebook,3330.4075,837.6194579818921,0.007372891353073022,Top,0.7142857142857143,1,Luxury,5,0
ORD200633,2024-04-10,C79533,Laptop,5,601.72,921 Main St,Gift Card,Cancelled,TRK54711422,5,WINTER15,Instagram,3008.6,754.2347182521216,0.008309512730173503,Top,1.0,1,Luxury,4,0
ORD200634,2024-04-25,C66906,Printer,2,259.32,117 Main St,Gift Card,Delivered,TRK31633755,2,WINTER15,Referral,518.64,162.90961874646513,0.007712478790683326,Low,1.0,1,Mid,4,0
ORD200635,2023-12-13,C12818,Chair,3,63.68,434 Main St,Cash,Returned,TRK40879983,6,FREESHIP,Facebook,191.04,54.94704495165163,0.0471105527638191,Mid,0.5,1,Budget,12,0
ORD200636,2023-10-05,C60384,Laptop,4,371.07,336 Main St,Cash,Cancelled,TRK92080037,7,WINTER15,Facebook,1484.28,388.82471327287755,0.010779637265206025,High,0.5714285714285714,1,Premium,10,0
ORD200637,2024-09-29,C92294,Chair,4,306.35,784 Main St,Gift Card,Shipped,TRK23585765,7,WINTER15,Referral,1225.4,321.4084261601654,0.013056960992329034,High,0.5714285714285714,1,Mid,9,1
ORD200638,2023-10-15,C66840,Tablet,4,578.27,547 Main St,Online,Delivered,TRK76929637,9,WINTER15,Email,2313.08,605.0740695306691,0.0069171840143877426,High,0.4444444444444444,1,Luxury,10,1
ORD200639,2023-01-20,C22534,Chair,1,529.19,391 Main St,Cash,Cancelled,TRK17415798,5,FREESHIP,Referral,529.19,221.74614828007586,0.0018896804550350534,Low,0.2,1,Luxury,1,0
ORD200640,2024-02-27,C46509,Chair,2,587.49,647 Main St,Gift Card,Returned,TRK24241664,6,SAVE10,Referral,1174.98,368.84848405221084,0.0034043132649066365,Low,0.3333333333333333,1,Luxury,2,0
ORD200641,2024-06-30,C71680,Printer,4,567.57,814 Main St,Debit Card,Pending,TRK47386650,9,WINTER15,Google,2270.28,593.928257931474,0.00704758884366686,High,0.4444444444444444,1,Luxury,6,1
ORD200642,2024-04-29,C15063,Chair,5,85.22,527 Main St,Credit Card,Cancelled,TRK10329390,7,FREESHIP,Email,426.1,109.03037828498496,0.058671673316122976,Top,0.7142857142857143,1,Budget,4,0
ORD200643,2024-08-26,C77122,Laptop,1,438.37,647 Main St,Cash,Cancelled,TRK75814880,4,SAVE10,Referral,438.37,183.69621352966672,0.002281178000319365,Low,0.25,1,Premium,8,0
ORD200644,2023-11-15,C86524,Chair,2,366.23,961 Main St,Cash,Shipped,TRK62490506,2,WINTER15,Email,732.46,229.72799350817795,0.005461049067525871,Low,1.0,1,Premium,11,0
ORD200645,2023-01-02,C82990,Laptop,2,150.05,727 Main St,Credit Card,Cancelled,TRK68574801,4,SAVE10,Facebook,300.1,95.03347148172831,0.013328890369876707,Low,0.5,1,Budget,1,0
ORD200646,2023-10-27,C98761,Chair,4,498.51,804 Main St,Debit Card,Shipped,TRK43262630,4,SAVE10,Google,1994.04,520.9492539852092,0.008023911255541513,High,1.0,1,Premium,10,0
ORD200647,2025-04-24,C54409,Desk,3,339.39,667 Main St,Cash,Returned,TRK67671316,7,FREESHIP,Google,1018.17,284.909806564719,0.008839388314328648,Mid,0.42857142857142855,1,Mid,4,0
ORD200648,2025-01-18,C89674,Monitor,2,575.83,182 Main St,Online,Delivered,TRK45902512,3,WINTER15,Referral,1151.66,360.9359955412188,0.003473247312574892,Low,0.6666666666666666,1,Luxury,1,1
ORD200649,2023-12-23,C45899,Monitor,2,642.98,153 Main St,Debit Card,Returned,TRK32932093,7,FREESHIP,Email,1285.96,403.7380184194428,0.003110516656816697,Low,0.2857142857142857,1,Luxury,12,1
ORD200650,2023-05-18,C74499,Desk,2,372.23,518 Main St,Gift Card,Delivered,TRK93767278,7,SAVE10,Email,744.46,234.5196455036761,0.005373022056255541,Low,0.2857142857142857,1,Premium,5,0
ORD200651,2024-11-12,C81192,Chair,3,646.34,429 Main St,Debit Card,Pending,TRK76931118,5,FREESHIP,Google,1939.02,540.2841069199906,0.004641519943064022,Mid,0.6,1,Luxury,11,0
ORD200652,2024-06-05,C71473,Chair,5,341.84,328 Main St,Online,Shipped,TRK94857335,8,FREESHIP,Instagram,1709.2,430.01077112099233,0.014626725953662533,Top,0.625,1,Mid,6,0
ORD200653,2024-02-25,C59338,Printer,3,690.3,747 Main St,Credit Card,Shipped,TRK12902764,6,WINTER15,Google,2070.9,577.1257243227582,0.00434593654932638,Mid,0.5,1,Luxury,2,1
ORD200654,2023-06-12,C62661,Tablet,3,382.37,863 Main St,Debit Card,Returned,TRK25748100,8,FREESHIP,Instagram,1147.11,320.9346409673004,0.007845803802599575,Mid,0.375,1,Premium,6,0
ORD200655,2023-03-14,C22101,Chair,2,132.6,262 Main St,Debit Card,Cancelled,TRK70711522,4,WINTER15,Email,265.2,84.12751382604323,0.015082956259426848,Low,0.5,1,Budget,3,0
ORD200656,2024-01-18,C51404,Monitor,2,189.06,835 Main St,Gift Card,Shipped,TRK85682500,7,SAVE10,Facebook,378.12,120.03926310871331,0.010578652279699566,Low,0.2857142857142857,1,Mid,1,0
ORD200657,2023-12-24,C19384,Tablet,4,87.79,532 Main St,Cash,Cancelled,TRK33207064,6,FREESHIP,Instagram,351.16,93.53662828498494,0.045563275999544364,High,0.6666666666666666,1,Budget,12,1
ORD200658,2025-04-18,C86864,Printer,2,46.36,670 Main St,Gift Card,Returned,TRK15323191,4,SAVE10,Google,92.72,30.230378284984948,0.04314063848144953,Low,0.5,1,Budget,4,0
ORD200659,2024-10-26,C24301,Phone,2,642.04,964 Main St,Gift Card,Delivered,TRK55000075,4,WINTER15,Email,1284.08,402.525519178452,0.003115070712105165,Low,0.5,1,Luxury,10,1
ORD200660,2024-10-19,C43842,Chair,2,651.57,933 Main St,Debit Card,Shipped,TRK54084424,7,WINTER15,Facebook,1303.14,409.1067615848387,0.0030695090320303265,Low,0.2857142857142857,1,Luxury,10,1
ORD200661,2025-02-28,C63657,Tablet,3,424.89,116 Main St,Debit Card,Cancelled,TRK86378984,6,FREESHIP,Google,1274.67,355.9511767751653,0.007060650992021465,Mid,0.5,1,Premium,2,0
ORD200662,2023-01-28,C98332,Laptop,3,438.89,985 Main St,Cash,Returned,TRK85744797,3,FREESHIP,Facebook,1316.67,366.99280590428884,0.00683542573309941,Mid,1.0,1,Premium,1,1
ORD200663,2024-04-15,C59774,Monitor,1,72.6,941 Main St,Debit Card,Cancelled,TRK87635135,6,FREESHIP,Instagram,72.6,31.7106290174472,0.013774104683195593,Low,0.16666666666666666,1,Budget,4,0
ORD200664,2024-12-19,C14847,Laptop,4,194.75,188 Main St,Cash,Shipped,TRK46492755,5,FREESHIP,Facebook,779.0,204.74300652546,0.02053915275994865,High,0.8,1,Mid,12,0
ORD200665,2023-05-02,C83653,Tablet,4,231.26,253 Main St,Online,Shipped,TRK32619935,6,WINTER15,Google,925.04,242.98204942488974,0.017296549338406988,High,0.6666666666666666,1,Mid,5,0
ORD200666,2024-08-31,C35711,Monitor,4,327.12,788 Main St,Credit Card,Cancelled,TRK45281495,4,FREESHIP,Email,1308.48,342.4187046547648,0.012227928588897041,High,1.0,1,Mid,8,1
ORD200667,2023-05-03,C10477,Laptop,1,466.42,172 Main St,Gift Card,Pending,TRK41505339,5,SAVE10,Email,466.42,195.59202399839913,0.0021439903949230306,Low,0.2,1,Premium,5,0
ORD200668,2024-07-05,C61257,Monitor,2,253.67,981 Main St,Cash,Returned,TRK25226070,3,WINTER15,Facebook,507.34,159.58673070984614,0.007884259076753263,Low,0.6666666666666666,1,Mid,7,0
ORD200669,2023-02-05,C60547,Desk,1,257.0,812 Main St,Debit Card,Cancelled,TRK65694249,5,FREESHIP,Referral,257.0,108.33398184176394,0.0038910505836575876,Low,0.2,1,Mid,2,1
ORD200670,2024-04-18,C14576,Desk,4,539.2,747 Main St,Credit Card,Pending,TRK21637540,8,FREESHIP,Google,2156.8,564.167903066271,0.007418397626112759,High,0.5,1,Luxury,4,0
ORD200671,2023-06-15,C49282,Chair,5,50.74,737 Main St,Gift Card,Cancelled,TRK88653901,7,WINTER15,Google,253.7,65.93037828498495,0.09854158454867953,Top,0.7142857142857143,1,Budget,6,0
ORD200672,2023-05-09,C14017,Phone,2,624.16,984 Main St,Debit Card,Shipped,TRK71009446,2,SAVE10,Instagram,1248.32,390.9338673844313,0.0032043065880543453,Low,1.0,1,Luxury,5,0
ORD200673,2023-02-21,C46504,Tablet,2,372.92,131 Main St,Credit Card,Delivered,TRK95024356,7,SAVE10,Email,745.84,234.95089384675893,0.005363080553469913,Low,0.2857142857142857,1,Premium,2,0
ORD200674,2024-01-09,C56928,Laptop,4,358.75,860 Main St,Gift Card,Delivered,TRK57792939,9,SAVE10,Facebook,1435.0,376.4081083042973,0.011149825783972125,High,0.4444444444444444,1,Mid,1,0
ORD200675,2024-08-06,C97749,Desk,3,342.02,906 Main St,Debit Card,Pending,TRK90233116,5,FREESHIP,Email,1026.06,286.68479523614604,0.00877141687620607,Mid,0.6,1,Mid,8,0
ORD200676,2025-06-23,C90431,Laptop,2,422.34,985 Main St,Credit Card,Cancelled,TRK44151723,4,FREESHIP,Instagram,844.68,265.213289253524,0.004735521144101909,Low,0.5,1,Premium,6,0
ORD200677,2025-04-03,C56722,Tablet,5,22.07,179 Main St,Online,Cancelled,TRK78778569,7,FREESHIP,Instagram,110.35,30.09287828498495,0.22655188038060717,Top,0.7142857142857143,1,Budget,4,0
ORD200678,2024-11-24,C40863,Chair,3,163.13,457 Main St,Gift Card,Shipped,TRK20553345,5,WINTER15,Facebook,489.39,137.61139837348534,0.01839024091215595,Mid,0.6,1,Budget,11,1
ORD200679,2023-02-02,C40798,Tablet,3,360.66,304 Main St,Online,Returned,TRK66106697,5,FREESHIP,Instagram,1081.98,302.21805301391896,0.008318083513558476,Mid,0.6,1,Mid,2,0
ORD200680,2023-08-27,C16702,Monitor,3,463.39,694 Main St,Credit Card,Returned,TRK16953491,3,FREESHIP,Facebook,1390.17,387.4094123380593,0.0064740283562442005,Mid,1.0,1,Premium,8,1
ORD200681,2024-01-30,C38262,Tablet,1,155.27,548 Main St,Debit Card,Shipped,TRK47300502,6,FREESHIP,Email,155.27,66.15524006569203,0.0064403941521221095,Low,0.16666666666666666,1,Budget,1,0
ORD200682,2023-07-23,C50274,Monitor,3,509.42,449 Main St,Credit Card,Cancelled,TRK91729086,5,FREESHIP,Google,1528.26,426.1843148417154,0.005889050292489498,Mid,0.6,1,Premium,7,1
ORD200683,2025-05-18,C91591,Desk,4,652.48,887 Main St,Cash,Pending,TRK23554043,5,FREESHIP,Instagram,2609.92,681.542688409351,0.006130456105934282,High,0.8,1,Luxury,5,1
ORD200684,2024-09-22,C96583,Printer,4,34.84,288 Main St,Credit Card,Shipped,TRK64353241,8,FREESHIP,Email,139.36,38.79704495165162,0.11481056257175659,High,0.5,1,Budget,9,1
ORD200685,2025-02-07,C64579,Desk,1,234.37,638 Main St,Debit Card,Shipped,TRK10276565,5,FREESHIP,Email,234.37,98.90487779294847,0.004266757690830738,Low,0.2,1,Mid,2,0
ORD200686,2023-10-09,C41903,Desk,3,53.6,525 Main St,Cash,Pending,TRK59112382,4,WINTER15,Facebook,160.8,46.13037828498495,0.055970149253731345,Mid,0.75,1,Budget,10,0
ORD200687,2023-09-13,C19742,Tablet,1,332.09,408 Main St,Gift Card,Returned,TRK68845230,5,FREESHIP,Instagram,332.09,139.62133520531583,0.0030112318949682315,Low,0.2,1,Mid,9,0
ORD200688,2024-03-06,C20077,Monitor,4,593.22,154 Main St,Credit Card,Cancelled,TRK36415742,8,WINTER15,Facebook,2372.88,620.4386238101661,0.006742860995920569,High,0.5,1,Luxury,3,0
ORD200689,2023-08-29,C13186,Tablet,2,444.84,787 Main St,Online,Shipped,TRK56967415,7,FREESHIP,Facebook,889.68,279.90074933309353,0.004495998561280461,Low,0.2857142857142857,1,Premium,8,0
ORD200690,2024-07-12,C29318,Monitor,1,24.48,128 Main St,Gift Card,Returned,TRK88666721,1,FREESHIP,Instagram,24.48,10.622044951651619,0.04084967320261438,Low,1.0,1,Budget,7,0
ORD200691,2024-11-24,C36137,Laptop,3,239.08,396 Main St,Cash,Shipped,TRK57376416,8,FREESHIP,Google,717.24,201.5270913501757,0.012548101054040488,Mid,0.375,1,Mid,11,1
ORD200692,2023-01-23,C25534,Desk,5,196.84,319 Main St,Credit Card,Delivered,TRK68347402,5,WINTER15,Instagram,984.2,248.13756689019849,0.025401341190814875,Top,1.0,1,Mid,1,0
ORD200693,2025-03-12,C62070,Monitor,1,176.58,674 Main St,Debit Card,Returned,TRK10267127,4,FREESHIP,Referral,176.58,74.61761052591838,0.005663155510250311,Low,0.25,1,Budget,3,0
ORD200694,2023-10-02,C92049,Printer,4,666.52,619 Main St,Cash,Shipped,TRK32287092,8,FREESHIP,Email,2666.08,696.792666886715,0.006001320290463902,High,0.5,1,Luxury,10,0
ORD200695,2024-11-23,C52604,Printer,5,101.3,553 Main St,Online,Shipped,TRK48839788,7,FREESHIP,Email,506.5,129.13037828498494,0.049358341559723594,Top,0.7142857142857143,1,Budget,11,1
ORD200696,2023-07-02,C22429,Chair,4,151.2,965 Main St,Gift Card,Pending,TRK38572927,9,WINTER15,Facebook,604.8,160.21274250440916,0.026455026455026457,High,0.4444444444444444,1,Budget,7,1
ORD200697,2025-02-04,C27430,Printer,5,94.85,788 Main St,Cash,Shipped,TRK45025840,6,WINTER15,Email,474.25,120.85954495165161,0.05271481286241434,Top,0.8333333333333334,1,Budget,2,0
ORD200698,2023-01-04,C44366,Laptop,2,388.22,169 Main St,Cash,Delivered,TRK48658394,2,WINTER15,Instagram,776.44,243.47169195301635,0.005151718097985678,Low,1.0,1,Premium,1,0
ORD200699,2023-11-13,C36813,Laptop,3,614.15,897 Main St,Gift Card,Cancelled,TRK84088900,3,FREESHIP,Facebook,1842.45,513.0424808000217,0.004884800130261337,Mid,1.0,1,Luxury,11,0
ORD200700,2024-09-25,C40201,Laptop,2,92.91,555 Main St,Cash,Returned,TRK30198779,3,WINTER15,Instagram,185.82,59.11400436802641,0.021526208158432893,Low,0.6666666666666666,1,Budget,9,0
ORD200701,2024-06-23,C75456,Monitor,3,92.22,115 Main St,Credit Card,Delivered,TRK90519490,5,FREESHIP,Email,276.66,78.52204495165162,0.03253090435914118,Mid,0.6,1,Budget,6,1
ORD200702,2024-06-09,C33315,Printer,3,562.55,154 Main St,Debit Card,Returned,TRK43589369,6,FREESHIP,Email,1687.65,470.6675554765502,0.005332859301395432,Mid,0.5,1,Luxury,6,1
ORD200703,2023-03-22,C89336,Desk,1,92.79,799 Main St,Cash,Pending,TRK47665103,3,WINTER15,Email,92.79,39.49762950389769,0.010777023386140748,Low,0.3333333333333333,1,Budget,3,0
ORD200704,2023-06-03,C96034,Desk,4,30.27,819 Main St,Online,Delivered,TRK87261034,9,FREESHIP,Google,121.08,34.244961618318285,0.13214403700033037,High,0.4444444444444444,1,Budget,6,1
ORD200705,2025-03-30,C50114,Monitor,2,49.08,420 Main St,Debit Card,Returned,TRK20214786,7,FREESHIP,Instagram,98.16,32.555378284984954,0.040749796251018745,Low,0.2857142857142857,1,Budget,3,1
ORD200706,2025-03-02,C85330,Desk,5,228.09,969 Main St,Gift Card,Returned,TRK97693301,9,FREESHIP,Facebook,1140.45,288.0328201952446,0.021921171467403217,Top,0.5555555555555556,1,Mid,3,1
ORD200707,2024-11-01,C31761,Chair,4,650.04,989 Main St,Gift Card,Cancelled,TRK17628852,6,SAVE10,Facebook,2600.16,679.2093589112465,0.006153467478924374,High,0.6666666666666666,1,Luxury,11,0
ORD200708,2025-03-04,C25268,Printer,1,665.11,788 Main St,Cash,Pending,TRK20481215,3,FREESHIP,Instagram,665.11,277.9627505851162,0.0015035106974786126,Low,0.3333333333333333,1,Luxury,3,0
ORD200709,2024-12-07,C17132,Desk,1,386.03,855 Main St,Online,Pending,TRK37504692,4,FREESHIP,Google,386.03,161.88793174537383,0.0025904722430899153,Low,0.25,1,Premium,12,1
ORD200710,2024-07-22,C48790,Laptop,5,21.54,113 Main St,Gift Card,Returned,TRK19086608,10,FREESHIP,Google,107.7,30.055378284984954,0.23212627669452182,Top,0.5,1,Budget,7,0
ORD200711,2024-07-04,C61070,Tablet,2,475.78,632 Main St,Online,Shipped,TRK90764894,2,WINTER15,Google,951.56,298.1965339372539,0.004203623523477237,Low,1.0,1,Premium,7,0
ORD200712,2024-01-09,C56969,Tablet,2,68.4,993 Main St,Gift Card,Pending,TRK10513339,7,FREESHIP,Email,136.8,44.62987329434697,0.029239766081871343,Low,0.2857142857142857,1,Budget,1,0
ORD200713,2025-06-21,C65056,Tablet,4,532.49,638 Main St,Online,Cancelled,TRK31705278,6,SAVE10,Facebook,2129.96,556.7616686463596,0.007511878157336288,High,0.6666666666666666,1,Luxury,6,1
ORD200714,2023-04-21,C84888,Laptop,1,51.73,278 Main St,Debit Card,Pending,TRK23612847,1,FREESHIP,Facebook,51.73,21.97405519041175,0.019331142470520007,Low,1.0,1,Budget,4,0
ORD200715,2024-07-26,C68266,Printer,3,653.63,281 Main St,Online,Delivered,TRK96161062,7,FREESHIP,Email,1960.89,546.7757649587687,0.004589752612334195,Mid,0.42857142857142855,1,Luxury,7,0
ORD200716,2024-06-13,C84115,Chair,3,454.29,891 Main St,Credit Card,Pending,TRK25466842,4,WINTER15,Google,1362.87,380.0344339518809,0.006603711285742587,Mid,0.75,1,Premium,6,0
ORD200717,2023-10-16,C50087,Chair,3,122.11,707 Main St,Online,Delivered,TRK31143760,4,WINTER15,Email,366.33,103.22076133540797,0.024568012447792973,Mid,0.75,1,Budget,10,0
ORD200718,2023-04-08,C16790,Laptop,4,64.74,718 Main St,Gift Card,Cancelled,TRK91791367,8,SAVE10,Google,258.96,69.94287828498496,0.06178560395427866,High,0.5,1,Budget,4,1
ORD200719,2024-01-21,C46920,Laptop,2,681.06,703 Main St,Debit Card,Shipped,TRK86403837,3,FREESHIP,Facebook,1362.12,426.70465609980516,0.0029365988312336656,Low,0.6666666666666666,1,Luxury,1,1
ORD200720,2023-09-21,C12740,Desk,5,128.95,305 Main St,Cash,Pending,TRK98506513,10,FREESHIP,Instagram,644.75,164.31787828498494,0.0387747188832881,Top,0.5,1,Budget,9,0
ORD200721,2024-03-18,C46557,Desk,2,118.59,890 Main St,Credit Card,Delivered,TRK56110689,2,FREESHIP,Email,237.18,74.95489413806672,0.016864828400371026,Low,1.0,1,Budget,3,0
ORD200722,2024-11-15,C58156,Printer,1,95.1,516 Main St,Gift Card,Pending,TRK49719458,1,WINTER15,Instagram,95.1,40.043419207851386,0.010515247108307046,Low,1.0,1,Budget,11,0
ORD200723,2023-12-09,C14455,Desk,3,54.95,385 Main St,Cash,Returned,TRK50933724,8,SAVE10,Referral,164.85,48.088711618318285,0.0545950864422202,Mid,0.375,1,Budget,12,1
ORD200724,2024-10-18,C63150,Printer,3,136.97,326 Main St,Credit Card,Returned,TRK19348078,4,FREESHIP,Referral,410.91,115.6036504344017,0.021902606410162808,Mid,0.75,1,Budget,10,0
ORD200725,2023-03-12,C95269,Chair,2,194.85,372 Main St,Gift Card,Returned,TRK45670926,5,FREESHIP,Referral,389.7,123.24129405097938,0.010264305876315114,Low,0.4,1,Mid,3,1
ORD200726,2024-10-25,C18105,Laptop,4,583.02,338 Main St,Online,Delivered,TRK94006117,4,FREESHIP,Facebook,2332.08,608.980310138017,0.0068608281019519055,High,1.0,1,Luxury,10,0
ORD200727,2024-09-29,C29063,Chair,5,95.75,379 Main St,Online,Shipped,TRK92745947,8,SAVE10,Instagram,478.75,122.40121161831827,0.05221932114882506,Top,0.625,1,Budget,9,1
ORD200728,2024-07-29,C10154,Desk,4,325.76,827 Main St,Gift Card,Shipped,TRK79793300,8,WINTER15,Email,1303.04,341.8353798297315,0.012278978388998036,High,0.5,1,Mid,7,0
ORD200729,2023-09-08,C36997,Phone,4,186.41,819 Main St,Gift Card,Pending,TRK92794872,6,SAVE10,Google,745.64,196.26399301271388,0.021458076283461188,High,0.6666666666666666,1,Mid,9,0
ORD200730,2025-02-22,C77357,Phone,1,474.6,407 Main St,Debit Card,Delivered,TRK91943923,4,SAVE10,Email,474.6,198.79201783958422,0.002107037505267594,Low,0.25,1,Premium,2,1
ORD200731,2024-06-07,C71310,Printer,5,584.46,308 Main St,Credit Card,Returned,TRK48292586,8,FREESHIP,Email,2922.3,733.2847591508972,0.008554905382746466,Top,0.625,1,Luxury,6,0
ORD200732,2025-03-07,C80987,Laptop,1,132.05,787 Main St,Online,Delivered,TRK42187776,2,FREESHIP,Google,132.05,55.64709548150953,0.0075728890571753115,Low,0.5,1,Budget,3,0
ORD200733,2023-12-04,C90757,Tablet,4,494.84,694 Main St,Cash,Returned,TRK87991608,8,SAVE10,Email,1979.36,517.9596805701507,0.008083420903726457,High,0.5,1,Premium,12,0
ORD200734,2024-01-23,C51898,Printer,4,224.61,630 Main St,Credit Card,Returned,TRK19767885,6,WINTER15,Facebook,898.44,236.0550514410163,0.017808646097680424,High,0.6666666666666666,1,Mid,1,0
ORD200735,2024-06-28,C94508,Monitor,4,44.07,359 Main St,Debit Card,Pending,TRK13443264,6,FREESHIP,Email,176.28,47.994961618318285,0.09076469253460404,High,0.6666666666666666,1,Budget,6,0
ORD200736,2024-02-09,C59441,Monitor,5,418.53,696 Main St,Credit Card,Pending,TRK66186874,6,FREESHIP,Google,2092.65,525.4561577624862,0.011946574916971306,Top,0.8333333333333334,1,Premium,2,0
ORD200737,2024-01-03,C91029,Phone,4,532.87,972 Main St,Cash,Pending,TRK25501930,9,FREESHIP,Instagram,2131.48,557.7825010868818,0.00750652129037101,High,0.4444444444444444,1,Luxury,1,0
ORD200738,2025-06-04,C96261,Phone,2,485.37,264 Main St,Credit Card,Shipped,TRK44998396,5,SAVE10,Email,970.74,304.81527009463576,0.004120567814244803,Low,0.4,1,Premium,6,0
ORD200739,2024-06-13,C35123,Phone,4,386.73,513 Main St,Cash,Delivered,TRK58979275,4,SAVE10,Facebook,1546.92,404.5121405222421,0.010343133452279368,High,1.0,1,Premium,6,0
ORD200740,2024-07-20,C10892,Desk,2,377.47,433 Main St,Cash,Pending,TRK76154554,7,FREESHIP,Google,754.94,237.79463307238544,0.005298434312660609,Low,0.2857142857142857,1,Premium,7,1
ORD200741,2025-01-23,C99683,Monitor,5,332.64,945 Main St,Gift Card,Delivered,TRK87305883,10,FREESHIP,Referral,1663.2,418.92750521083855,0.015031265031265032,Top,0.5,1,Mid,1,0
ORD200742,2024-11-30,C41974,Laptop,3,699.93,726 Main St,Cash,Returned,TRK48051468,7,SAVE10,Google,2099.79,585.3590476904833,0.004286142900004286,Mid,0.42857142857142855,1,Luxury,11,1
ORD200743,2024-09-30,C23978,Monitor,1,576.35,549 Main St,Gift Card,Returned,TRK87090813,1,WINTER15,Instagram,576.35,240.56278917613716,0.0017350568231109568,Low,1.0,1,Luxury,9,0
ORD200744,2024-06-12,C10642,Tablet,2,461.37,200 Main St,Cash,Delivered,TRK98725693,5,SAVE10,Google,922.74,289.81530581926296,0.004334915577519128,Low,0.4,1,Premium,6,0
ORD200745,2023-03-02,C73813,Printer,4,111.3,364 Main St,Debit Card,Pending,TRK89906749,7,FREESHIP,Email,445.2,118.23454495165161,0.03593890386343217,High,0.5714285714285714,1,Budget,3,0
ORD200746,2025-02-24,C32183,Desk,3,661.89,551 Main St,Online,Cancelled,TRK76287027,6,WINTER15,Referral,1985.67,553.4507554125307,0.004532475184698364,Mid,0.5,1,Luxury,2,0
ORD200747,2025-03-12,C54277,Tablet,2,259.58,940 Main St,Debit Card,Delivered,TRK26500181,7,FREESHIP,Instagram,519.16,164.11378412563883,0.007704753833115033,Low,0.2857142857142857,1,Mid,3,0
ORD200748,2024-07-15,C56553,Tablet,3,70.81,249 Main St,Credit Card,Shipped,TRK37667360,8,FREESHIP,Referral,212.43,61.305378284984954,0.042366897330885465,Mid,0.375,1,Budget,7,0
ORD200749,2025-04-13,C17551,Laptop,1,518.39,997 Main St,Debit Card,Pending,TRK88797170,4,FREESHIP,Instagram,518.39,217.03782150825953,0.0019290495572831267,Low,0.25,1,Premium,4,1
ORD200750,2023-01-14,C14737,Tablet,4,145.41,637 Main St,Credit Card,Returned,TRK10295115,7,FREESHIP,Email,581.64,153.76500140407583,0.02750842445498934,High,0.5714285714285714,1,Budget,1,1
ORD200751,2023-01-24,C35168,Tablet,2,599.86,455 Main St,Gift Card,Pending,TRK76960854,7,FREESHIP,Facebook,1199.72,376.7880556852154,0.0033341112926349482,Low,0.2857142857142857,1,Luxury,1,0
ORD200752,2024-10-03,C82217,Phone,4,429.37,299 Main St,Credit Card,Delivered,TRK33305694,8,FREESHIP,Google,1717.48,449.7619693290946,0.009315974567389432,High,0.5,1,Premium,10,0
ORD200753,2024-04-24,C42270,Phone,2,241.49,864 Main St,Debit Card,Returned,TRK72697796,7,FREESHIP,Instagram,482.98,152.80763031940592,0.008281916435463166,Low,0.2857142857142857,1,Mid,4,0
ORD200754,2025-05-31,C48846,Printer,2,452.05,983 Main St,Credit Card,Returned,TRK52804097,3,WINTER15,Email,904.1,283.57365404822474,0.004424289348523393,Low,0.6666666666666666,1,Premium,5,1
ORD200755,2023-06-13,C54160,Desk,3,336.71,658 Main St,Credit Card,Pending,TRK60515972,4,FREESHIP,Email,1010.13,282.0514849573817,0.008909744290338868,Mid,0.75,1,Mid,6,0
ORD200756,2024-06-27,C14080,Phone,1,283.69,202 Main St,Gift Card,Shipped,TRK93163682,6,FREESHIP,Google,283.69,119.66308749574067,0.0035249744439352815,Low,0.16666666666666666,1,Mid,6,0
ORD200757,2024-02-22,C81074,Desk,1,157.72,597 Main St,Debit Card,Delivered,TRK91105190,2,FREESHIP,Google,157.72,66.34272339166456,0.0063403499873193,Low,0.5,1,Budget,2,0
ORD200758,2023-03-26,C69021,Tablet,3,624.84,917 Main St,Credit Card,Cancelled,TRK57148510,8,WINTER15,Facebook,1874.52,522.9924668715191,0.004801229114653351,Mid,0.375,1,Luxury,3,1
ORD200759,2023-07-24,C96283,Desk,3,308.01,366 Main St,Cash,Pending,TRK91784124,3,FREESHIP,Facebook,924.03,257.926623323918,0.009739943508327652,Mid,1.0,1,Mid,7,0
ORD200760,2025-02-18,C96636,Desk,1,39.56,283 Main St,Debit Card,Cancelled,TRK73324346,5,FREESHIP,Google,39.56,17.737546343107518,0.025278058645096056,Low,0.2,1,Budget,2,0
ORD200761,2023-06-02,C37235,Desk,4,37.76,217 Main St,Debit Card,Delivered,TRK67789367,7,FREESHIP,Google,151.04,41.63037828498495,0.10593220338983052,High,0.5714285714285714,1,Budget,6,0
ORD200762,2024-09-17,C12444,Phone,3,76.96,611 Main St,Cash,Returned,TRK97621403,8,FREESHIP,Email,230.88,66.43037828498494,0.03898128898128898,Mid,0.375,1,Budget,9,0
ORD200763,2023-04-06,C79142,Laptop,1,569.96,533 Main St,Online,Delivered,TRK30915955,4,FREESHIP,Email,569.96,238.5252924181814,0.0017545090883570775,Low,0.25,1,Luxury,4,0
ORD200764,2024-03-10,C35983,Laptop,5,627.43,806 Main St,Credit Card,Cancelled,TRK14016163,10,FREESHIP,Email,3137.15,787.4138281694107,0.007969016463988015,Top,0.5,1,Luxury,3,1
ORD200765,2023-10-06,C36150,Laptop,2,534.91,281 Main St,Debit Card,Returned,TRK96249043,5,SAVE10,Google,1069.82,335.77770649112307,0.0037389467387037075,Low,0.4,1,Luxury,10,0
ORD200766,2023-01-22,C91454,Printer,2,278.88,494 Main St,Debit Card,Pending,TRK99985340,3,FREESHIP,Referral,557.76,175.34286192388603,0.00717154331612163,Low,0.6666666666666666,1,Mid,1,1
ORD200767,2025-04-18,C19368,Tablet,2,323.22,517 Main St,Credit Card,Delivered,TRK80436037,7,FREESHIP,Instagram,646.44,203.8885312893179,0.00618773590743147,Low,0.2857142857142857,1,Mid,4,0
ORD200768,2023-09-04,C35987,Tablet,5,653.46,165 Main St,Cash,Cancelled,TRK28918815,9,WINTER15,Email,3267.3,819.742941929626,0.007651577755333149,Top,0.5555555555555556,1,Luxury,9,0
ORD200769,2023-07-06,C13366,Printer,4,678.55,568 Main St,Cash,Delivered,TRK98691410,5,FREESHIP,Email,2714.2,708.6988991538329,0.005894922997568344,High,0.8,1,Luxury,7,0
ORD200770,2024-02-11,C72166,Desk,1,314.38,227 Main St,Online,Returned,TRK67733444,6,FREESHIP,Google,314.38,132.45053014398712,0.0031808639226413894,Low,0.16666666666666666,1,Mid,2,1
ORD200771,2024-06-12,C20357,Phone,3,692.44,272 Main St,Debit Card,Cancelled,TRK82236408,8,FREESHIP,Google,2077.32,579.3257220842239,0.004332505343423256,Mid,0.375,1,Luxury,6,0
ORD200772,2024-07-28,C33802,Monitor,1,604.87,461 Main St,Online,Delivered,TRK25799478,4,FREESHIP,Instagram,604.87,253.0711088746342,0.0016532478053135383,Low,0.25,1,Luxury,7,1
ORD200773,2025-06-28,C99205,Phone,2,512.33,415 Main St,Cash,Cancelled,TRK48904015,7,FREESHIP,Facebook,1024.66,322.0819006223203,0.0039037339214959103,Low,0.2857142857142857,1,Premium,6,1
ORD200774,2025-04-15,C29701,Chair,3,20.54,257 Main St,Credit Card,Cancelled,TRK42266846,3,FREESHIP,Instagram,61.62,18.372044951651617,0.1460564751703992,Mid,1.0,1,Budget,4,0
ORD200775,2023-03-04,C73941,Phone,2,625.22,569 Main St,Online,Cancelled,TRK22051900,5,FREESHIP,Google,1250.44,392.22136647899947,0.0031988739963532834,Low,0.4,1,Luxury,3,1
ORD200776,2023-08-21,C69168,Tablet,1,21.19,482 Main St,Cash,Returned,TRK10446197,5,WINTER15,Google,21.19,10.084544951651619,0.04719207173194903,Low,0.2,1,Budget,8,0
ORD200777,2025-03-21,C66116,Chair,5,64.49,633 Main St,Online,Cancelled,TRK41967983,7,FREESHIP,Facebook,322.45,83.11787828498495,0.07753140021708793,Top,0.7142857142857143,1,Budget,3,0
ORD200778,2023-04-28,C85059,Laptop,4,246.85,316 Main St,Credit Card,Shipped,TRK56503740,8,WINTER15,Google,987.4,259.6381173620957,0.016204172574437917,High,0.5,1,Mid,4,0
ORD200779,2023-12-01,C18076,Phone,3,588.74,751 Main St,Debit Card,Pending,TRK26661705,8,FREESHIP,Email,1766.22,492.9091826046585,0.005095627951217855,Mid,0.375,1,Luxury,12,0
ORD200780,2024-03-31,C41284,Laptop,4,184.48,661 Main St,Online,Cancelled,TRK73613128,4,WINTER15,Google,737.92,193.836947094536,0.02168256721595837,High,1.0,1,Budget,3,1
ORD200781,2024-01-10,C43524,Phone,5,524.26,934 Main St,Gift Card,Delivered,TRK51479426,5,FREESHIP,Referral,2621.3,657.4099228754181,0.00953725250829741,Top,1.0,1,Luxury,1,0
ORD200782,2024-08-11,C58063,Monitor,2,493.63,167 Main St,Online,Returned,TRK50548869,6,SAVE10,Referral,987.26,310.18609193626804,0.004051617608330126,Low,0.3333333333333333,1,Premium,8,1
ORD200783,2025-05-26,C19937,Printer,1,438.34,281 Main St,Gift Card,Returned,TRK46990083,5,FREESHIP,Facebook,438.34,183.8920468890207,0.0022813341241958297,Low,0.2,1,Premium,5,0
ORD200784,2025-05-16,C21191,Laptop,1,325.81,232 Main St,Credit Card,Pending,TRK85771230,1,WINTER15,Referral,325.81,136.17134487891715,0.003069273502961849,Low,1.0,1,Mid,5,0
ORD200785,2023-07-29,C45862,Chair,1,176.1,342 Main St,Credit Card,Pending,TRK53089983,1,SAVE10,Instagram,176.1,73.79261309861822,0.0056785917092561046,Low,1.0,1,Budget,7,1
ORD200786,2023-08-23,C39130,Chair,5,45.31,774 Main St,Online,Cancelled,TRK99583414,8,FREESHIP,Referral,226.55,59.351211618318295,0.11035091591260207,Top,0.625,1,Budget,8,0
ORD200787,2024-03-17,C18167,Desk,4,221.96,193 Main St,Cash,Delivered,TRK36841089,7,FREESHIP,Google,887.84,233.50300354418212,0.018021265092809515,High,0.5714285714285714,1,Mid,3,1
ORD200788,2023-11-02,C47307,Chair,2,601.43,761 Main St,Online,Pending,TRK43516112,5,FREESHIP,Instagram,1202.86,377.35263756796303,0.0033254077781287934,Low,0.4,1,Luxury,11,0
ORD200789,2023-08-17,C57276,Tablet,5,691.28,183 Main St,Online,Delivered,TRK75899752,10,SAVE10,Email,3330.4075,840.9777679931914,0.007232959148246731,Top,0.5,1,Luxury,8,0
ORD200790,2024-09-14,C38928,Laptop,4,417.89,302 Main St,Gift Card,Pending,TRK96636009,4,FREESHIP,Google,1671.56,436.97034531615174,0.009571896910670272,High,1.0,1,Premium,9,1
ORD200791,2024-01-13,C49710,Chair,4,409.28,956 Main St,Cash,Pending,TRK92591237,8,FREESHIP,Email,1637.12,428.8349622100598,0.009773260359655983,High,0.5,1,Premium,1,1
ORD200792,2023-06-16,C41709,Desk,2,356.35,746 Main St,Debit Card,Returned,TRK90995294,6,WINTER15,Facebook,712.7,224.3863520766101,0.00561245966044619,Low,0.3333333333333333,1,Mid,6,0
ORD200793,2024-04-15,C91255,Chair,5,170.22,769 Main St,Debit Card,Delivered,TRK69599961,8,FREESHIP,Referral,851.1,215.48822895860258,0.02937375161555634,Top,0.625,1,Budget,4,0
ORD200794,2023-03-09,C76653,Printer,4,384.85,988 Main St,Online,Delivered,TRK77052196,9,FREESHIP,Instagram,1539.4,403.5954822766446,0.010393659867480837,High,0.4444444444444444,1,Premium,3,0
ORD200795,2024-11-20,C95667,Laptop,4,115.77,586 Main St,Online,Pending,TRK41266666,7,SAVE10,Instagram,463.08,122.89079495165161,0.03455126544009674,High,0.5714285714285714,1,Budget,11,0
ORD200796,2025-04-29,C33313,Phone,3,579.55,882 Main St,Gift Card,Returned,TRK13349970,8,WINTER15,Facebook,1738.65,485.2508627383315,0.005176429988784402,Mid,0.375,1,Luxury,4,0
ORD200797,2023-02-27,C36825,Laptop,2,438.76,426 Main St,Debit Card,Returned,TRK72557318,2,FREESHIP,Facebook,877.52,275.0590930501109,0.004558300665511897,Low,1.0,1,Premium,2,0
ORD200798,2025-05-19,C20861,Phone,5,488.35,968 Main St,Debit Card,Returned,TRK89372013,9,FREESHIP,Email,2441.75,613.3558730930685,0.010238558410975734,Top,0.5555555555555556,1,Premium,5,0
ORD200799,2023-04-16,C26364,Laptop,4,328.56,803 Main St,Debit Card,Returned,TRK78924436,4,FREESHIP,Email,1314.24,343.91869572274976,0.012174336498660824,High,1.0,1,Mid,4,1
ORD200800,2025-03-28,C34686,Tablet,1,68.39,412 Main St,Online,Returned,TRK99468332,3,WINTER15,Facebook,68.39,29.331603670127212,0.014622020763269484,Low,0.3333333333333333,1,Budget,3,0
ORD200801,2023-05-03,C97593,Printer,4,595.62,738 Main St,Debit Card,Pending,TRK58443593,8,FREESHIP,Facebook,2382.48,622.9386192818687,0.0067156912125180485,High,0.5,1,Luxury,5,0
ORD200802,2024-02-17,C84331,Chair,5,644.64,205 Main St,Gift Card,Cancelled,TRK34440714,6,FREESHIP,Email,3223.2,808.0929593778438,0.00775626706378754,Top,0.8333333333333334,1,Luxury,2,1
ORD200803,2023-08-20,C88775,Monitor,5,397.81,223 Main St,Debit Card,Returned,TRK45098068,5,SAVE10,Referral,1989.05,499.3479281357097,0.012568814258062895,Top,1.0,1,Premium,8,1
ORD200804,2024-01-01,C76362,Chair,3,236.5,916 Main St,Online,Delivered,TRK11868618,8,FREESHIP,Email,709.5,199.37711416490484,0.012684989429175475,Mid,0.375,1,Mid,1,0
ORD200805,2024-10-15,C59278,Laptop,5,472.01,178 Main St,Gift Card,Cancelled,TRK14590037,10,SAVE10,Email,2360.05,593.1392654993186,0.010592995911103579,Top,0.5,1,Premium,10,0
ORD200806,2023-09-01,C55819,Chair,5,253.75,740 Main St,Online,Pending,TRK13775054,9,WINTER15,Instagram,1268.75,320.10745073891627,0.019704433497536946,Top,0.5555555555555556,1,Mid,9,0
ORD200807,2024-11-10,C82344,Monitor,3,676.21,260 Main St,Online,Delivered,TRK70957219,5,SAVE10,Google,2028.63,565.1757394152704,0.004436491622424986,Mid,0.6,1,Luxury,11,1
ORD200808,2024-02-13,C65565,Desk,3,134.05,192 Main St,Credit Card,Shipped,TRK80383756,3,FREESHIP,Google,402.15,112.96206328484396,0.022379709063782168,Mid,1.0,1,Budget,2,0
ORD200809,2024-04-09,C80416,Desk,5,217.43,752 Main St,Debit Card,Shipped,TRK54385892,10,SAVE10,Instagram,1087.15,274.9163326511214,0.022995906728602307,Top,0.5,1,Mid,4,0
ORD200810,2023-05-31,C23637,Tablet,1,553.56,644 Main St,Credit Card,Cancelled,TRK16749863,5,FREESHIP,Referral,553.56,231.90030108148468,0.001806488908158104,Low,0.2,1,Luxury,5,0
ORD200811,2023-11-05,C24769,Laptop,2,28.55,864 Main St,Gift Card,Shipped,TRK44538305,7,SAVE10,Email,57.1,19.724128284984953,0.07005253940455342,Low,0.2857142857142857,1,Budget,11,1
ORD200812,2024-01-26,C81547,Phone,2,255.26,803 Main St,Credit Card,Cancelled,TRK88437123,6,FREESHIP,Google,510.52,161.205472524746,0.007835148476063621,Low,0.3333333333333333,1,Mid,1,0
ORD200813,2025-03-15,C12813,Laptop,5,292.54,263 Main St,Debit Card,Cancelled,TRK36131660,8,FREESHIP,Email,1462.7,368.38618194662837,0.01709167977028782,Top,0.625,1,Mid,3,1
ORD200814,2024-12-11,C50732,Chair,4,147.51,979 Main St,Debit Card,Pending,TRK21082461,4,WINTER15,Instagram,590.04,155.32743613427337,0.027116805640295574,High,1.0,1,Budget,12,0
ORD200815,2024-08-04,C41320,Printer,3,569.84,920 Main St,Gift Card,Cancelled,TRK77539180,8,WINTER15,Instagram,1709.52,477.1592107726146,0.005264635687210445,Mid,0.375,1,Luxury,8,1
ORD200816,2024-02-21,C55286,Tablet,5,574.79,497 Main St,Credit Card,Pending,TRK39058734,8,WINTER15,Referral,2873.95,721.1972831381895,0.00869882913759808,Top,0.625,1,Luxury,2,0
ORD200817,2023-10-05,C87994,Chair,4,598.19,430 Main St,Credit Card,Delivered,TRK98883971,7,WINTER15,Email,2392.76,625.4073644731051,0.006686838629866764,High,0.5714285714285714,1,Luxury,10,0
ORD200818,2023-03-02,C25580,Phone,4,390.84,860 Main St,Credit Card,Cancelled,TRK58781638,9,WINTER15,Referral,1563.36,409.83503906116744,0.010234367004400778,High,0.4444444444444444,1,Premium,3,0
ORD200819,2024-09-28,C66196,Phone,2,398.45,650 Main St,Debit Card,Cancelled,TRK38104650,7,SAVE10,Google,796.9,250.9070865750617,0.005019450370184465,Low,0.2857142857142857,1,Premium,9,1
ORD200820,2023-05-27,C35377,Phone,5,623.81,171 Main St,Cash,Returned,TRK17342157,6,FREESHIP,Email,3119.05,782.0555025435095,0.00801526105705263,Top,0.8333333333333334,1,Luxury,5,1
ORD200821,2024-12-14,C40771,Laptop,4,174.49,259 Main St,Credit Card,Delivered,TRK56310345,5,SAVE10,Facebook,697.96,183.63923732496607,0.022923949796549943,High,0.8,1,Budget,12,1
ORD200822,2025-03-15,C20624,Phone,1,479.56,923 Main St,Gift Card,Returned,TRK45123395,1,SAVE10,Google,479.56,200.23368087413462,0.0020852448077404288,Low,1.0,1,Premium,3,1
ORD200823,2024-10-07,C27070,Laptop,4,653.13,973 Main St,Credit Card,Shipped,TRK83842481,8,WINTER15,Instagram,2612.52,682.8447707258382,0.0061243550288610235,High,0.5,1,Luxury,10,0
ORD200824,2023-08-29,C18826,Monitor,3,481.1,664 Main St,Credit Card,Returned,TRK12530495,3,FREESHIP,Facebook,1443.3,402.16770595163865,0.006235709831635834,Mid,1.0,1,Premium,8,0
ORD200825,2025-03-26,C23899,Desk,5,271.69,543 Main St,Online,Returned,TRK88914760,7,FREESHIP,Instagram,1358.45,342.1155672212203,0.018403327321579743,Top,0.7142857142857143,1,Mid,3,0
ORD200826,2025-03-08,C43249,Printer,3,463.81,283 Main St,Online,Returned,TRK32469820,8,WINTER15,Email,1391.43,388.80107802764064,0.006468165843772234,Mid,0.375,1,Premium,3,1
ORD200827,2023-05-25,C95856,Tablet,2,639.88,432 Main St,Cash,Delivered,TRK58829625,5,WINTER15,Instagram,1279.76,401.38385426434115,0.0031255860473838847,Low,0.4,1,Luxury,5,0
ORD200828,2024-07-24,C86266,Chair,4,404.58,510 Main St,Cash,Shipped,TRK64576020,5,FREESHIP,Instagram,1618.32,423.314147799364,0.009886796183696674,High,0.8,1,Premium,7,0
ORD200829,2023-02-05,C39551,Monitor,1,76.93,685 Main St,Debit Card,Delivered,TRK68358007,6,WINTER15,Instagram,76.93,33.514666471684215,0.012998830105290522,Low,0.16666666666666666,1,Budget,2,1
ORD200830,2024-12-11,C90310,Tablet,4,190.64,853 Main St,Cash,Delivered,TRK70028457,5,SAVE10,Email,762.56,200.4618303259197,0.020981955518254304,High,0.8,1,Mid,12,0
ORD200831,2023-12-18,C20124,Printer,2,88.73,140 Main St,Online,Pending,TRK61346824,5,FREESHIP,Google,177.46,56.91834004846163,0.022540290769750927,Low,0.4,1,Budget,12,0
ORD200832,2024-03-12,C63372,Chair,5,485.71,903 Main St,Online,Pending,TRK14661811,10,SAVE10,Referral,2428.55,610.264215701413,0.010294208478310102,Top,0.5,1,Premium,3,0
ORD200833,2025-03-14,C90595,Phone,5,78.29,508 Main St,Credit Card,Shipped,TRK96573803,5,WINTER15,Referral,391.45,99.95121161831827,0.06386511687316387,Top,1.0,1,Budget,3,0
ORD200834,2024-04-11,C98483,Printer,5,22.14,456 Main St,Cash,Returned,TRK22084320,10,FREESHIP,Instagram,110.7,30.805378284984954,0.22583559168925021,Top,0.5,1,Budget,4,0
ORD200835,2024-03-26,C16429,Desk,1,679.65,390 Main St,Debit Card,Shipped,TRK73888013,6,FREESHIP,Google,679.65,284.6460785575909,0.001471345545501361,Low,0.16666666666666666,1,Luxury,3,0
ORD200836,2023-02-02,C31810,Phone,1,178.44,328 Main St,Credit Card,Cancelled,TRK58725886,2,FREESHIP,Google,178.44,74.97593402077263,0.005604124635731899,Low,0.5,1,Budget,2,0
ORD200837,2025-06-14,C88029,Chair,5,655.55,282 Main St,Online,Delivered,TRK59701278,5,FREESHIP,Email,3277.75,821.5221045305469,0.007627183281214248,Top,1.0,1,Luxury,6,1
ORD200838,2024-04-11,C57798,Desk,4,577.08,384 Main St,Online,Pending,TRK68797566,8,FREESHIP,Facebook,2308.32,603.6261552413299,0.0069314479794829135,High,0.5,1,Luxury,4,0
ORD200839,2023-08-24,C82858,Chair,3,197.97,551 Main St,Online,Cancelled,TRK90618490,5,FREESHIP,Google,593.91,166.6441923018639,0.015153811183512653,Mid,0.6,1,Mid,8,0
ORD200840,2024-01-14,C60699,Chair,3,411.95,672 Main St,Credit Card,Delivered,TRK88660574,7,FREESHIP,Referral,1235.85,345.3762137395315,0.0072824371889792456,Mid,0.42857142857142855,1,Premium,1,1
ORD200841,2024-09-19,C94658,Printer,2,443.22,742 Main St,Credit Card,Delivered,TRK51732528,5,FREESHIP,Facebook,886.44,278.4715854052916,0.004512431749469789,Low,0.4,1,Premium,9,0
ORD200842,2025-05-07,C78305,Laptop,3,364.14,396 Main St,Online,Pending,TRK88312618,7,WINTER15,Referral,1092.42,305.5347064315922,0.008238589553468446,Mid,0.42857142857142855,1,Mid,5,0
ORD200843,2025-05-13,C43538,Desk,3,430.06,534 Main St,Gift Card,Cancelled,TRK20961563,8,FREESHIP,Instagram,1290.18,360.6761626284704,0.006975770822675906,Mid,0.375,1,Premium,5,0
ORD200844,2024-12-04,C47486,Chair,1,320.92,883 Main St,Online,Returned,TRK75984759,5,FREESHIP,Facebook,320.92,134.96718600689687,0.00311604138102954,Low,0.2,1,Mid,12,0
ORD200845,2023-10-08,C24212,Phone,3,107.36,808 Main St,Gift Card,Delivered,TRK68894675,5,FREESHIP,Google,322.08,91.13799056135122,0.027943368107302535,Mid,0.6,1,Budget,10,1
ORD200846,2024-07-04,C24765,Desk,2,359.86,646 Main St,Debit Card,Cancelled,TRK43977698,4,FREESHIP,Referral,719.72,226.16342628614828,0.005557716889901628,Low,0.5,1,Mid,7,0
ORD200847,2024-11-18,C48176,Printer,4,434.23,670 Main St,Online,Shipped,TRK90560300,8,FREESHIP,Email,1736.92,454.8244519513468,0.009211708080970913,High,0.5,1,Premium,11,0
ORD200848,2023-01-01,C54675,Chair,2,645.85,634 Main St,Online,Shipped,TRK18049633,5,FREESHIP,Referral,1291.7,405.1150994490465,0.0030966942788573197,Low,0.4,1,Luxury,1,1
ORD200849,2025-06-09,C16675,Printer,4,214.35,664 Main St,Debit Card,Cancelled,TRK12756945,7,WINTER15,Referral,857.4,225.57602684472434,0.01866106834616282,High,0.5714285714285714,1,Mid,6,0
ORD200850,2025-04-27,C38557,Monitor,3,638.5,890 Main St,Debit Card,Cancelled,TRK14832238,4,FREESHIP,Instagram,1915.5,533.542449752023,0.004698512137823023,Mid,0.75,1,Luxury,4,1
ORD200851,2023-12-12,C80183,Laptop,1,365.57,146 Main St,Online,Cancelled,TRK20814598,5,SAVE10,Email,365.57,153.57128924237034,0.002735454222173592,Low,0.2,1,Premium,12,0
ORD200852,2024-10-24,C39530,Desk,3,568.05,618 Main St,Gift Card,Pending,TRK69000497,6,SAVE10,Google,1704.15,475.25088020420736,0.005281225244256668,Mid,0.5,1,Luxury,10,0
ORD200853,2023-10-16,C10002,Printer,3,490.01,894 Main St,Cash,Returned,TRK94641152,4,SAVE10,Facebook,1470.03,409.80102038733907,0.006122324034203383,Mid,0.75,1,Premium,10,0
ORD200854,2025-06-13,C56938,Laptop,3,372.6,356 Main St,Credit Card,Delivered,TRK67735987,7,WINTER15,Referral,1117.8,312.58467525496513,0.008051529790660225,Mid,0.42857142857142855,1,Premium,6,0
ORD200855,2023-05-25,C41331,Monitor,5,240.61,785 Main St,Credit Card,Shipped,TRK94198179,10,FREESHIP,Email,1203.05,303.89096341936465,0.02078051618802211,Top,0.5,1,Mid,5,0
ORD200856,2024-06-03,C94698,Phone,1,586.62,871 Main St,Debit Card,Shipped,TRK95768773,5,FREESHIP,Facebook,586.62,245.67528411350904,0.0017046810541747638,Low,0.2,1,Luxury,6,0
ORD200857,2024-03-10,C56506,Phone,3,257.84,185 Main St,Online,Delivered,TRK86808324,4,FREESHIP,Instagram,773.52,216.32693918709273,0.011635122556624264,Mid,0.75,1,Mid,3,1
ORD200858,2023-08-20,C22167,Tablet,5,435.66,891 Main St,Online,Pending,TRK70269748,9,FREESHIP,Facebook,2178.3,547.4935794732895,0.011476839737409907,Top,0.5555555555555556,1,Premium,8,1
ORD200859,2024-08-28,C11127,Chair,5,261.33,154 Main St,Credit Card,Returned,TRK73285507,5,SAVE10,Referral,1306.65,328.7490221495172,0.01913289710327938,Top,1.0,1,Mid,8,0
ORD200860,2024-01-23,C69542,Printer,1,422.54,876 Main St,Cash,Delivered,TRK20746505,1,SAVE10,Google,422.54,176.47539443997414,0.002366639844748426,Low,1.0,1,Premium,1,0
ORD200861,2023-03-19,C93276,Desk,5,330.45,230 Main St,Gift Card,Shipped,TRK44165913,10,FREESHIP,Google,1652.25,416.1900218136884,0.015130882130428205,Top,0.5,1,Mid,3,1
ORD200862,2023-12-02,C37969,Desk,3,120.82,799 Main St,Credit Card,Shipped,TRK69852386,5,SAVE10,Referral,362.46,102.35413838768415,0.024830326104949514,Mid,0.6,1,Budget,12,1
ORD200863,2024-05-20,C98276,Phone,1,14.06,471 Main St,Credit Card,Pending,TRK74207282,5,SAVE10,Referral,14.06,7.113711618318287,0.07112375533428164,Low,0.2,1,Budget,5,0
ORD200864,2023-05-03,C14240,Desk,1,491.11,592 Main St,Credit Card,Delivered,TRK58095246,4,SAVE10,Facebook,491.11,205.671172700617,0.00203620370181833,Low,0.25,1,Premium,5,0
ORD200865,2023-04-30,C72241,Monitor,4,677.37,156 Main St,Cash,Pending,TRK76270481,8,SAVE10,Google,2709.48,708.0947341986899,0.005905192140189261,High,0.5,1,Luxury,4,1
ORD200866,2024-07-26,C39664,Desk,5,189.25,693 Main St,Debit Card,Cancelled,TRK39917741,10,WINTER15,Email,946.25,239.6919033465434,0.026420079260237782,Top,0.5,1,Mid,7,0
ORD200867,2024-05-26,C53252,Printer,4,142.58,351 Main St,Cash,Delivered,TRK65831261,4,FREESHIP,Facebook,570.32,150.19217573759764,0.02805442558563613,High,1.0,1,Budget,5,1
ORD200868,2024-06-29,C70452,Monitor,4,316.32,309 Main St,Debit Card,Delivered,TRK42985882,7,FREESHIP,Facebook,1265.28,331.7937742370595,0.012645422357106728,High,0.5714285714285714,1,Mid,6,1
ORD200869,2024-03-17,C29905,Desk,2,533.95,790 Main St,Online,Delivered,TRK16788127,5,WINTER15,Google,1067.9,335.1777076115117,0.003745669070137653,Low,0.4,1,Luxury,3,1
ORD200870,2025-06-01,C78725,Phone,4,470.09,541 Main St,Debit Card,Delivered,TRK72001139,4,FREESHIP,Google,1880.36,491.3451681681522,0.008509008913186837,High,1.0,1,Premium,6,1
ORD200871,2024-05-16,C93768,Tablet,3,324.3,720 Main St,Debit Card,Pending,TRK22024707,8,FREESHIP,Email,972.9000000000001,272.543208448967,0.009250693802035153,Mid,0.375,1,Mid,5,0
ORD200872,2023-07-10,C59169,Chair,4,629.34,172 Main St,Cash,Shipped,TRK90883858,7,FREESHIP,Email,2517.36,657.8552259774791,0.006355864874312772,High,0.5714285714285714,1,Luxury,7,0
ORD200873,2024-05-12,C53488,Desk,3,136.84,448 Main St,Cash,Delivered,TRK27365050,3,SAVE10,Facebook,410.52,115.28698723570108,0.021923414206372404,Mid,1.0,1,Budget,5,1
ORD200874,2023-10-31,C92180,Chair,2,488.9,632 Main St,Cash,Delivered,TRK93315929,7,FREESHIP,Facebook,977.8,307.4381818026863,0.0040908161178155045,Low,0.2857142857142857,1,Premium,10,0
ORD200875,2023-08-03,C25918,Laptop,5,133.39,203 Main St,Credit Card,Delivered,TRK66473392,6,FREESHIP,Referral,666.9499999999999,169.0345449516516,0.037484069270560014,Top,0.8333333333333334,1,Budget,8,0
ORD200876,2024-06-09,C90363,Chair,5,608.91,200 Main St,Gift Card,Pending,TRK21534173,6,SAVE10,Google,3044.55,763.430535232355,0.008211394130495476,Top,0.8333333333333334,1,Luxury,6,1
ORD200877,2024-07-25,C43867,Tablet,1,524.06,269 Main St,Debit Card,Pending,TRK97319127,3,FREESHIP,Email,524.06,219.19198469640878,0.0019081784528489107,Low,0.3333333333333333,1,Luxury,7,0
ORD200878,2023-06-01,C73873,Desk,2,330.69,393 Main St,Online,Cancelled,TRK56423132,5,SAVE10,Google,661.38,208.14059132672085,0.006047960325380266,Low,0.4,1,Mid,6,0
ORD200879,2025-04-08,C56622,Phone,2,547.67,932 Main St,Gift Card,Shipped,TRK86373987,3,FREESHIP,Instagram,1095.34,343.3360253056889,0.003651834133693648,Low,0.6666666666666666,1,Luxury,4,0
ORD200880,2025-03-12,C85074,Laptop,4,233.7,506 Main St,Online,Shipped,TRK63133878,8,SAVE10,Facebook,934.8,245.94035266010553,0.017115960633290545,High,0.5,1,Mid,3,0
ORD200881,2023-01-03,C59579,Tablet,2,448.85,386 Main St,Credit Card,Pending,TRK48000034,6,FREESHIP,Instagram,897.7,282.19865930526163,0.00445583156956667,Low,0.3333333333333333,1,Premium,1,0
ORD200882,2025-06-28,C43335,Phone,2,274.12,533 Main St,Cash,Delivered,TRK91848650,6,FREESHIP,Referral,548.24,172.99288267911865,0.0072960747118050485,Low,0.3333333333333333,1,Mid,6,1
ORD200883,2025-05-13,C43595,Printer,5,561.48,451 Main St,Online,Delivered,TRK25317348,9,FREESHIP,Facebook,2807.4,704.7681508394481,0.008905036688751157,Top,0.5555555555555556,1,Luxury,5,0
ORD200884,2024-05-15,C71471,Chair,1,595.54,817 Main St,Gift Card,Shipped,TRK52137079,4,FREESHIP,Instagram,595.54,249.18361319138933,0.0016791483359639991,Low,0.25,1,Luxury,5,0
ORD200885,2024-04-07,C61090,Laptop,4,515.59,387 Main St,Credit Card,Shipped,TRK36388962,7,FREESHIP,Google,2062.36,539.3658763503948,0.007758102368160748,High,0.5714285714285714,1,Premium,4,1
ORD200886,2023-10-25,C29620,Phone,1,460.13,792 Main St,Credit Card,Returned,TRK22046456,1,FREESHIP,Google,460.13,192.13786221647504,0.0021732988503249083,Low,1.0,1,Premium,10,0
ORD200887,2024-12-19,C67932,Chair,3,171.66,857 Main St,Debit Card,Delivered,TRK88547534,7,FREESHIP,Google,514.98,145.13624606780846,0.017476406850751487,Mid,0.42857142857142855,1,Budget,12,0
ORD200888,2024-07-23,C14427,Laptop,2,266.95,833 Main St,Credit Card,Pending,TRK58024529,3,FREESHIP,Instagram,533.9,167.8866653399513,0.0074920397078104516,Low,0.6666666666666666,1,Mid,7,0
ORD200889,2024-10-27,C36725,Monitor,5,650.72,350 Main St,Credit Card,Cancelled,TRK16808790,8,WINTER15,Email,3253.6,816.1096139660682,0.0076837964101303165,Top,0.625,1,Luxury,10,1
ORD200890,2023-08-11,C51921,Laptop,3,439.53,943 Main St,Debit Card,Pending,TRK85741716,5,FREESHIP,Google,1318.59,367.94280424544394,0.006825472663981981,Mid,0.6,1,Premium,8,0
ORD200891,2023-11-11,C36534,Monitor,3,654.54,918 Main St,Cash,Returned,TRK38952138,7,SAVE10,Referral,1963.62,547.5340972285879,0.004583371528096068,Mid,0.42857142857142855,1,Luxury,11,1
ORD200892,2024-06-04,C72043,Desk,1,394.53,480 Main St,Cash,Shipped,TRK40896408,2,FREESHIP,Referral,394.53,165.01292244358265,0.002534661495957215,Low,0.5,1,Premium,6,0
ORD200893,2023-03-21,C99533,Monitor,1,678.01,696 Main St,Cash,Pending,TRK55701253,4,FREESHIP,Referral,678.01,283.54607915075,0.0014749044999336294,Low,0.25,1,Luxury,3,0
ORD200894,2023-05-23,C90852,Tablet,3,575.01,852 Main St,Online,Cancelled,TRK37551831,8,WINTER15,Instagram,1725.03,481.4675362167615,0.005217300568685762,Mid,0.375,1,Luxury,5,0
ORD200895,2023-11-09,C81882,Chair,3,154.64,832 Main St,Debit Card,Pending,TRK62371264,6,WINTER15,Facebook,463.92,130.74489998275564,0.019399896533885155,Mid,0.5,1,Budget,11,0
ORD200896,2024-10-18,C85466,Desk,3,147.29,102 Main St,Gift Card,Shipped,TRK66764177,3,FREESHIP,Google,441.87,123.9950613302555,0.02036798153303008,Mid,1.0,1,Budget,10,0
ORD200897,2024-09-03,C87995,Laptop,4,481.48,358 Main St,Gift Card,Delivered,TRK38730545,5,SAVE10,Instagram,1925.92,503.4180512863116,0.008307717869901138,High,0.8,1,Premium,9,0
ORD200898,2025-03-05,C44619,Monitor,3,158.37,742 Main St,Cash,Shipped,TRK66662528,6,FREESHIP,Referral,475.11,133.8531571636042,0.018942981625307824,Mid,0.5,1,Budget,3,0
ORD200899,2025-04-23,C99904,Printer,2,323.37,552 Main St,Online,Pending,TRK83843411,3,SAVE10,Instagram,646.74,203.14894747760562,0.006184865633794106,Low,0.6666666666666666,1,Mid,4,0
ORD200900,2025-02-07,C52342,Laptop,5,73.83,991 Main St,Debit Card,Pending,TRK67342586,9,FREESHIP,Instagram,369.15,95.2095449516516,0.06772314777190844,Top,0.5555555555555556,1,Budget,2,0
ORD200901,2024-04-28,C44277,Tablet,1,458.63,839 Main St,Debit Card,Returned,TRK79321479,4,WINTER15,Referral,458.63,192.13786340114402,0.0021804068639208075,Low,0.25,1,Premium,4,1
ORD200902,2024-07-13,C61162,Monitor,4,180.25,813 Main St,Debit Card,Cancelled,TRK76712124,7,FREESHIP,Facebook,721.0,190.05578190013867,0.022191400832177532,High,0.5714285714285714,1,Budget,7,1
ORD200903,2023-05-17,C80868,Monitor,3,473.49,205 Main St,Credit Card,Pending,TRK56186636,7,FREESHIP,Email,1420.47,396.6593893218442,0.006335931065070012,Mid,0.42857142857142855,1,Premium,5,0
ORD200904,2025-02-05,C16693,Monitor,4,237.43,262 Main St,Cash,Cancelled,TRK41146508,8,WINTER15,Referral,949.72,249.82572451178592,0.016847070715579327,High,0.5,1,Mid,2,0
ORD200905,2023-11-23,C67818,Laptop,1,442.39,101 Main St,Gift Card,Pending,TRK81978113,6,FREESHIP,Facebook,442.39,185.7878767414875,0.002260448925156536,Low,0.16666666666666666,1,Premium,11,0
ORD200906,2024-09-03,C49938,Monitor,1,62.12,141 Main St,Cash,Returned,TRK80175572,2,FREESHIP,Email,62.12,26.511016312513416,0.016097875080489377,Low,0.5,1,Budget,9,0
ORD200907,2024-08-04,C90898,Desk,5,298.39,583 Main St,Gift Card,Cancelled,TRK52935170,7,WINTER15,Referral,1491.95,375.4902927656199,0.016756593719628676,Top,0.7142857142857143,1,Mid,8,1
ORD200908,2025-05-06,C35117,Desk,2,697.93,332 Main St,Credit Card,Cancelled,TRK27155709,2,SAVE10,Google,1395.86,437.0400609361493,0.002865616895677217,Low,1.0,1,Luxury,5,0
ORD200909,2024-05-27,C60203,Tablet,2,291.85,569 Main St,Cash,Shipped,TRK76525279,5,FREESHIP,Instagram,583.7,183.86572547256011,0.00685283536063046,Low,0.4,1,Mid,5,0
ORD200910,2024-05-31,C36174,Printer,3,308.98,348 Main St,Cash,Delivered,TRK26397548,3,SAVE10,Instagram,926.94,258.73495156105037,0.009709366302026021,Mid,1.0,1,Mid,5,0
ORD200911,2024-08-13,C80872,Desk,5,396.86,593 Main St,Cash,Cancelled,TRK43967487,9,SAVE10,Instagram,1984.3,498.99376648356264,0.01259890137580003,Top,0.5555555555555556,1,Premium,8,0
ORD200912,2024-01-22,C67604,Desk,2,139.69,318 Main St,Online,Returned,TRK85545920,7,FREESHIP,Email,279.38,89.18363623618966,0.014317417137948315,Low,0.2857142857142857,1,Budget,1,0
ORD200913,2023-02-16,C45599,Printer,5,475.95,505 Main St,Credit Card,Returned,TRK62277685,8,WINTER15,Facebook,2379.75,597.6475842175299,0.010505305179115453,Top,0.625,1,Premium,2,0
ORD200914,2025-02-10,C70352,Desk,1,626.6,955 Main St,Gift Card,Returned,TRK51589589,4,WINTER15,Facebook,626.6,262.12526598574317,0.0015959144589849984,Low,0.25,1,Luxury,2,0
ORD200915,2024-02-16,C20643,Laptop,4,502.99,939 Main St,Debit Card,Shipped,TRK30736692,4,WINTER15,Referral,2011.96,525.6159087407304,0.0079524443825921,High,1.0,1,Premium,2,0
ORD200916,2024-06-21,C35669,Printer,5,578.83,165 Main St,Cash,Returned,TRK13928455,6,FREESHIP,Referral,2894.15,725.8306063524697,0.008638114817822158,Top,0.8333333333333334,1,Luxury,6,0
ORD200917,2025-01-20,C65524,Laptop,5,383.82,836 Main St,Credit Card,Returned,TRK19315310,7,FREESHIP,Google,1919.1,482.2771711566186,0.013026939711323016,Top,0.7142857142857143,1,Premium,1,0
ORD200918,2025-06-24,C74359,Laptop,5,368.25,706 Main St,Online,Delivered,TRK18250450,5,FREESHIP,Instagram,1841.25,462.3980962887531,0.013577732518669382,Top,1.0,1,Premium,6,0
ORD200919,2025-02-07,C92086,Printer,2,374.6,187 Main St,Online,Shipped,TRK23357668,3,FREESHIP,Referral,749.2,235.1675565047162,0.0053390282968499726,Low,0.6666666666666666,1,Premium,2,0
ORD200920,2025-03-12,C26137,Tablet,2,428.09,978 Main St,Credit Card,Returned,TRK98110407,6,FREESHIP,Instagram,856.18,269.22369531913074,0.004671914784274335,Low,0.3333333333333333,1,Premium,3,0
ORD200921,2023-07-24,C90573,Tablet,1,438.93,144 Main St,Gift Card,Cancelled,TRK90075720,3,SAVE10,Referral,438.93,183.7212130446009,0.00227826760531292,Low,0.3333333333333333,1,Premium,7,0
ORD200922,2024-06-17,C81857,Desk,2,563.82,487 Main St,Credit Card,Pending,TRK79737732,3,FREESHIP,Instagram,1127.64,353.4297578718976,0.003547231385903302,Low,0.6666666666666666,1,Luxury,6,0
ORD200923,2023-02-11,C91582,Printer,3,649.93,836 Main St,Credit Card,Pending,TRK99938245,7,WINTER15,Facebook,1949.79,543.692435980285,0.004615881710338037,Mid,0.42857142857142855,1,Luxury,2,1
ORD200924,2025-03-22,C81319,Printer,5,268.43,991 Main St,Cash,Returned,TRK55330558,5,SAVE10,Email,1342.15,337.62393780501435,0.018626830086055954,Top,1.0,1,Mid,3,1
ORD200925,2024-12-20,C78500,Monitor,5,502.47,304 Main St,Online,Shipped,TRK97460884,10,WINTER15,Email,2512.35,631.214158473806,0.009950842836388241,Top,0.5,1,Premium,12,0
ORD200926,2024-03-20,C67533,Desk,1,26.95,672 Main St,Cash,Delivered,TRK14566395,1,WINTER15,Email,26.95,11.651211618318285,0.03710575139146568,Low,1.0,1,Budget,3,0
ORD200927,2023-02-14,C35566,Laptop,4,64.69,638 Main St,Debit Card,Shipped,TRK10003020,7,WINTER15,Google,258.76,69.68246161831829,0.06183335909723296,High,0.5714285714285714,1,Budget,2,0
ORD200928,2024-05-09,C77166,Laptop,3,247.11,821 Main St,Debit Card,Returned,TRK18896595,3,WINTER15,Referral,741.33,207.17702339039297,0.012140342357654486,Mid,1.0,1,Mid,5,0
ORD200929,2024-10-16,C67936,Tablet,2,536.25,553 Main St,Debit Card,Pending,TRK71803414,3,FREESHIP,Email,1072.5,336.19853826728826,0.0037296037296037296,Low,0.6666666666666666,1,Luxury,10,0
ORD200930,2024-12-16,C59554,Phone,2,456.04,382 Main St,Debit Card,Returned,TRK28182447,4,FREESHIP,Email,912.08,286.2757309300354,0.004385580212262082,Low,0.5,1,Premium,12,0
ORD200931,2024-01-01,C14005,Printer,2,40.23,623 Main St,Credit Card,Cancelled,TRK87567926,4,SAVE10,Google,80.46,26.399128284984954,0.04971414367387522,Low,0.5,1,Budget,1,0
ORD200932,2023-03-26,C26118,Laptop,2,72.39,168 Main St,Online,Delivered,TRK15334251,7,WINTER15,Instagram,144.78,47.123354687571954,0.02762812543168946,Low,0.2857142857142857,1,Budget,3,1
ORD200933,2023-01-26,C59685,Monitor,2,394.16,255 Main St,Online,Shipped,TRK43718093,2,FREESHIP,Referral,788.32,247.1841790135985,0.005074081591231986,Low,1.0,1,Premium,1,0
ORD200934,2025-06-01,C40304,Laptop,4,119.84,692 Main St,Gift Card,Shipped,TRK85790948,8,FREESHIP,Referral,479.36,127.33871161831827,0.03337783711615487,High,0.5,1,Budget,6,1
ORD200935,2023-11-24,C39593,Phone,3,692.71,398 Main St,Credit Card,Delivered,TRK62405253,3,FREESHIP,Instagram,2078.13,578.509055136108,0.004330816647659193,Mid,1.0,1,Luxury,11,0
ORD200936,2024-01-12,C50612,Chair,4,56.66,737 Main St,Online,Delivered,TRK44140968,4,SAVE10,Instagram,226.64,60.69287828498494,0.0705965407695023,High,1.0,1,Budget,1,0
ORD200937,2024-01-16,C39791,Chair,2,298.53,536 Main St,Debit Card,Cancelled,TRK46221436,5,WINTER15,Email,597.06,188.04069991569804,0.006699494188188792,Low,0.4,1,Mid,1,0
ORD200938,2023-07-12,C39017,Chair,3,331.46,696 Main St,Credit Card,Cancelled,TRK91155214,6,WINTER15,Referral,994.3799999999999,278.09317514431103,0.009050865866167865,Mid,0.5,1,Mid,7,0
ORD200939,2025-04-16,C48510,Laptop,2,521.4,212 Main St,Cash,Delivered,TRK53152886,7,SAVE10,Instagram,1042.8,327.75063930443673,0.0038358266206367474,Low,0.2857142857142857,1,Premium,4,0
ORD200940,2023-03-27,C74003,Printer,4,305.32,679 Main St,Online,Cancelled,TRK91525779,4,SAVE10,Google,1221.28,319.7105168347963,0.013101008777675881,High,1.0,1,Mid,3,0
ORD200941,2023-07-17,C91155,Printer,5,111.7,599 Main St,Credit Card,Cancelled,TRK82162952,9,FREESHIP,Email,558.5,142.5470449516516,0.044762757385854966,Top,0.5555555555555556,1,Budget,7,0
ORD200942,2023-09-29,C17591,Tablet,1,479.76,882 Main St,Credit Card,Pending,TRK56070470,1,FREESHIP,Email,479.76,200.31701406258685,0.00208437552109388,Low,1.0,1,Premium,9,0
ORD200943,2023-12-27,C43330,Monitor,3,193.49,355 Main St,Gift Card,Returned,TRK71594838,6,FREESHIP,Facebook,580.47,163.11925077954072,0.01550467724430203,Mid,0.5,1,Mid,12,0
ORD200944,2024-12-16,C32687,Laptop,2,426.22,448 Main St,Online,Delivered,TRK98284560,7,WINTER15,Google,852.44,268.2632820687282,0.004692412369199005,Low,0.2857142857142857,1,Premium,12,0
ORD200945,2023-08-20,C79722,Tablet,5,276.44,619 Main St,Gift Card,Shipped,TRK29976438,10,FREESHIP,Referral,1382.2,348.67801451791837,0.01808710750976704,Top,0.5,1,Mid,8,1
ORD200946,2024-05-04,C65021,Phone,2,404.96,546 Main St,Cash,Shipped,TRK20626179,4,SAVE10,Email,809.92,254.3508231265639,0.004938759383642829,Low,0.5,1,Premium,5,1
ORD200947,2023-09-07,C85520,Phone,4,465.66,119 Main St,Online,Returned,TRK65994177,9,FREESHIP,Email,1862.64,487.77226499305647,0.008589958338702058,High,0.4444444444444444,1,Premium,9,0
ORD200948,2024-06-21,C94569,Phone,2,594.07,739 Main St,Gift Card,Cancelled,TRK79269291,2,FREESHIP,Google,1188.14,372.1276444344381,0.003366606628848452,Low,1.0,1,Luxury,6,0
ORD200949,2023-11-09,C55778,Desk,5,110.38,319 Main St,Cash,Pending,TRK93797108,10,FREESHIP,Referral,551.9,141.10537828498494,0.045298061242978804,Top,0.5,1,Budget,11,0
ORD200950,2024-05-31,C19722,Laptop,1,596.24,891 Main St,Credit Card,Returned,TRK78094361,4,FREESHIP,Instagram,596.24,249.47527952949596,0.0016771769757144774,Low,0.25,1,Luxury,5,0
ORD200951,2024-07-22,C74928,Printer,2,306.24,589 Main St,Online,Returned,TRK39845914,4,FREESHIP,Email,612.48,192.65108847091608,0.006530825496342737,Low,0.5,1,Mid,7,0
ORD200952,2025-02-27,C49111,Monitor,3,503.39,225 Main St,Online,Pending,TRK45303393,5,FREESHIP,Facebook,1510.17,421.1593265989921,0.00595959395299867,Mid,0.6,1,Premium,2,0
ORD200953,2023-02-06,C43721,Phone,1,131.61,971 Main St,Cash,Shipped,TRK89392104,2,FREESHIP,Facebook,131.61,55.46376636780388,0.007598206823189726,Low,0.5,1,Budget,2,0
ORD200954,2024-10-22,C68609,Chair,3,443.44,240 Main St,Gift Card,Shipped,TRK58273778,3,FREESHIP,Google,1330.32,370.7844608815924,0.006765289554392928,Mid,1.0,1,Premium,10,0
ORD200955,2023-01-23,C82068,Chair,1,408.13,164 Main St,Gift Card,Shipped,TRK25779180,3,WINTER15,Instagram,408.13,170.88790836661522,0.0024501996912748387,Low,0.3333333333333333,1,Premium,1,0
ORD200956,2024-04-11,C21191,Phone,2,160.98,381 Main St,Debit Card,Delivered,TRK86246309,3,SAVE10,Referral,321.96,101.65623731726508,0.012423903590508139,Low,0.6666666666666666,1,Budget,4,0
ORD200957,2023-01-12,C73575,Monitor,5,643.89,851 Main St,Cash,Returned,TRK23387612,8,WINTER15,Facebook,3219.45,807.5721275502543,0.00776530152665828,Top,0.625,1,Luxury,1,0
ORD200958,2023-05-13,C82685,Desk,3,158.66,537 Main St,Gift Card,Delivered,TRK70184320,7,WINTER15,Email,475.98,134.30315139291565,0.018908357494012352,Mid,0.42857142857142855,1,Budget,5,1
ORD200959,2024-04-13,C73996,Tablet,2,143.82,856 Main St,Credit Card,Returned,TRK74579570,6,SAVE10,Instagram,287.64,91.5564843786214,0.013906271728549576,Low,0.3333333333333333,1,Budget,4,1
ORD200960,2023-12-11,C87687,Laptop,3,379.07,312 Main St,Gift Card,Pending,TRK60383805,3,WINTER15,Google,1137.21,317.1429856842623,0.00791410557416836,Mid,1.0,1,Premium,12,0
ORD200961,2024-11-11,C55464,Phone,1,601.36,532 Main St,Online,Shipped,TRK81178598,1,FREESHIP,Facebook,601.36,250.98361048290542,0.0016628974324863642,Low,1.0,1,Luxury,11,0
ORD200962,2024-09-06,C12459,Phone,2,142.08,838 Main St,Gift Card,Delivered,TRK30674085,4,SAVE10,Referral,284.16,90.05234609609609,0.014076576576576575,Low,0.5,1,Budget,9,0
ORD200963,2024-03-11,C88075,Chair,5,530.34,970 Main St,Online,Shipped,TRK42832976,9,FREESHIP,Google,2651.7,665.8432379856947,0.009427914168269411,Top,0.5555555555555556,1,Luxury,3,0
ORD200964,2023-08-20,C18583,Phone,5,364.42,778 Main St,Credit Card,Cancelled,TRK43084595,10,SAVE10,Referral,1822.1,458.65228673874464,0.013720432468031393,Top,0.5,1,Premium,8,1
ORD200965,2025-06-18,C70412,Laptop,4,578.28,791 Main St,Gift Card,Cancelled,TRK22192783,5,FREESHIP,Email,2313.12,604.2511528440663,0.006917064397869544,High,0.8,1,Luxury,6,0
ORD200966,2025-05-20,C58503,Monitor,5,280.52,290 Main St,Credit Card,Cancelled,TRK12981657,7,WINTER15,Facebook,1402.6,353.152970673511,0.017824041066590617,Top,0.7142857142857143,1,Mid,5,0
ORD200967,2025-05-06,C52879,Tablet,5,638.92,502 Main St,Credit Card,Returned,TRK67403284,5,FREESHIP,Google,3194.6,800.7346376176464,0.007825705878670257,Top,1.0,1,Luxury,5,0
ORD200968,2024-02-08,C67870,Monitor,4,412.2,664 Main St,Credit Card,Shipped,TRK72602178,6,WINTER15,Referral,1648.8,431.4599506711952,0.00970402717127608,High,0.6666666666666666,1,Premium,2,0
ORD200969,2025-06-05,C19439,Desk,1,440.34,675 Main St,Gift Card,Shipped,TRK25383993,2,WINTER15,Facebook,440.34,184.10037849540504,0.002270972430394695,Low,0.5,1,Premium,6,0
ORD200970,2024-09-07,C72664,Desk,1,627.15,241 Main St,Cash,Delivered,TRK86694331,5,SAVE10,Instagram,627.15,262.56276575247813,0.001594514868851152,Low,0.2,1,Luxury,9,1
ORD200971,2024-05-27,C32650,Monitor,2,605.26,934 Main St,Cash,Cancelled,TRK66648743,4,WINTER15,Referral,1210.52,379.53805072751106,0.0033043650662525196,Low,0.5,1,Luxury,5,0
ORD200972,2024-06-09,C66438,Laptop,1,90.27,816 Main St,Cash,Delivered,TRK32035271,5,SAVE10,Facebook,90.27,38.864346312913106,0.011077877478675086,Low,0.2,1,Budget,6,1
ORD200973,2025-06-09,C70010,Desk,5,230.77,141 Main St,Online,Pending,TRK50594008,10,WINTER15,Referral,1153.85,291.5911110990741,0.021666594444685182,Top,0.5,1,Mid,6,0
ORD200974,2023-09-27,C30722,Desk,5,266.78,274 Main St,Gift Card,Cancelled,TRK52088168,5,FREESHIP,Email,1333.9,335.5614570057726,0.018742034635280007,Top,1.0,1,Mid,9,0
ORD200975,2023-05-18,C70529,Desk,1,105.92,974 Main St,Gift Card,Returned,TRK82165408,6,SAVE10,Email,105.92,45.59324018126889,0.00944108761329305,Low,0.16666666666666666,1,Budget,5,0
ORD200976,2024-04-04,C18984,Tablet,3,589.3,650 Main St,Credit Card,Returned,TRK49298239,6,WINTER15,Referral,1767.9,492.959181797613,0.0050907856779229595,Mid,0.5,1,Luxury,4,0
ORD200977,2023-01-28,C85841,Chair,4,649.47,608 Main St,Cash,Pending,TRK99820544,8,SAVE10,Google,2597.88,679.0322764780001,0.006158868000061588,High,0.5,1,Luxury,1,1
ORD200978,2024-06-25,C41508,Printer,4,107.49,993 Main St,Cash,Delivered,TRK61047536,5,FREESHIP,Google,429.96,113.84912828498493,0.03721276397804447,High,0.8,1,Budget,6,0
ORD200979,2023-05-31,C75018,Monitor,3,669.06,299 Main St,Cash,Delivered,TRK51794806,7,SAVE10,Facebook,2007.18,559.6340806504649,0.004483902788987535,Mid,0.42857142857142855,1,Luxury,5,0
ORD200980,2023-10-14,C84320,Chair,3,69.65,107 Main St,Cash,Delivered,TRK81093218,7,WINTER15,Instagram,208.95,60.13037828498495,0.04307250538406317,Mid,0.42857142857142855,1,Budget,10,1
ORD200981,2023-11-26,C12609,Phone,4,136.83,490 Main St,Debit Card,Pending,TRK56379337,8,SAVE10,Email,547.32,145.03612222587643,0.029233355258349775,High,0.5,1,Budget,11,1
ORD200982,2024-09-06,C64935,Monitor,1,304.11,707 Main St,Gift Card,Shipped,TRK42969065,2,SAVE10,Referral,304.11,127.33804804730745,0.003288283844661471,Low,0.5,1,Mid,9,0
ORD200983,2024-11-24,C67528,Monitor,4,296.28,110 Main St,Gift Card,Shipped,TRK60865210,5,SAVE10,Email,1185.12,310.50225012375677,0.013500742540839748,High,0.8,1,Mid,11,1
ORD200984,2025-02-28,C44176,Desk,1,77.64,706 Main St,Credit Card,Shipped,TRK68704764,1,FREESHIP,Facebook,77.64,32.76881332646402,0.01287995878413189,Low,1.0,1,Budget,2,0
ORD200985,2024-07-20,C92788,Desk,1,243.71,948 Main St,Gift Card,Delivered,TRK83835361,6,SAVE10,Google,243.71,103.00485053957573,0.0041032374543514835,Low,0.16666666666666666,1,Mid,7,1
ORD200986,2024-09-07,C69213,Laptop,4,644.96,533 Main St,Credit Card,Pending,TRK67837331,7,FREESHIP,Email,2579.84,674.126033655834,0.006201935003721161,High,0.5714285714285714,1,Luxury,9,1
ORD200987,2025-06-05,C67387,Phone,5,283.73,436 Main St,Gift Card,Pending,TRK54120003,8,FREESHIP,Instagram,1418.65,357.3737703979136,0.01762238748105593,Top,0.625,1,Mid,6,0
ORD200988,2025-02-04,C90318,Desk,2,629.56,818 Main St,Gift Card,Cancelled,TRK52765043,5,WINTER15,Instagram,1259.12,394.9338628036512,0.0031768219073638735,Low,0.4,1,Luxury,2,0
ORD200989,2023-03-23,C49995,Laptop,4,246.11,559 Main St,Credit Card,Pending,TRK33212013,4,SAVE10,Instagram,984.44,258.0339588158412,0.016252895046930234,High,1.0,1,Mid,3,0
ORD200990,2023-11-19,C52313,Phone,2,418.26,913 Main St,Debit Card,Pending,TRK67368559,2,SAVE10,Google,836.52,262.24663028578715,0.004781714722899632,Low,1.0,1,Premium,11,1
ORD200991,2024-05-09,C10211,Desk,5,127.18,598 Main St,Debit Card,Cancelled,TRK68938335,10,FREESHIP,Google,635.9000000000001,162.10537828498497,0.03931435760339676,Top,0.5,1,Budget,5,0
ORD200992,2024-08-27,C97907,Printer,3,586.21,933 Main St,Gift Card,Pending,TRK89637569,4,WINTER15,Referral,1758.63,489.9675196033276,0.005117619965541359,Mid,0.75,1,Luxury,8,0
ORD200993,2024-04-06,C61384,Monitor,3,267.45,576 Main St,Gift Card,Delivered,TRK33323210,5,WINTER15,Instagram,802.3499999999999,224.54353617498597,0.011217049915872126,Mid,0.6,1,Mid,4,1
ORD200994,2024-06-27,C27613,Tablet,4,615.65,971 Main St,Debit Card,Delivered,TRK63701318,9,WINTER15,Google,2462.6,644.0114995330139,0.006497198083326565,High,0.4444444444444444,1,Luxury,6,0
ORD200995,2023-11-18,C99271,Monitor,2,113.29,959 Main St,Cash,Pending,TRK87832736,5,SAVE10,Facebook,226.58,72.26752563480154,0.017653808809250594,Low,0.4,1,Budget,11,1
ORD200996,2024-04-28,C28648,Monitor,4,473.86,101 Main St,Debit Card,Delivered,TRK92240846,7,SAVE10,Facebook,1895.44,495.89724021863,0.008441311779850589,High,0.5714285714285714,1,Premium,4,1
ORD200997,2023-11-27,C26210,Laptop,3,444.75,805 Main St,Cash,Delivered,TRK40616861,6,SAVE10,Facebook,1334.25,372.5011242270939,0.006745362563237774,Mid,0.5,1,Premium,11,0
ORD200998,2023-05-19,C90350,Phone,2,183.67,783 Main St,Debit Card,Cancelled,TRK22824230,6,SAVE10,Google,367.34,116.46223151576197,0.010889094571786356,Low,0.3333333333333333,1,Budget,5,0
ORD200999,2023-12-24,C61957,Printer,1,483.38,652 Main St,Cash,Pending,TRK43983841,6,FREESHIP,Google,483.38,202.8670114609624,0.0020687657743390293,Low,0.16666666666666666,1,Premium,12,1
ORD201000,2023-06-21,C90132,Printer,5,260.93,582 Main St,Online,Delivered,TRK52664903,9,SAVE10,Email,1304.65,329.08236037123623,0.01916222741731499,Top,0.5555555555555556,1,Mid,6,0
ORD201001,2023-12-08,C31371,Printer,2,253.68,122 Main St,Gift Card,Shipped,TRK19554327,6,FREESHIP,Referral,507.36,160.21798065804688,0.007883948281299274,Low,0.3333333333333333,1,Mid,12,0
ORD201002,2025-06-19,C83911,Tablet,4,699.88,944 Main St,Cash,Pending,TRK33188106,5,WINTER15,Referral,2799.52,730.9176192109124,0.005715265474081271,High,0.8,1,Luxury,6,0
ORD201003,2023-01-11,C84700,Printer,5,319.97,582 Main St,Cash,Shipped,TRK14706969,7,SAVE10,Google,1599.85,402.4651044108302,0.015626464981091975,Top,0.7142857142857143,1,Mid,1,0
ORD201004,2025-06-09,C87529,Chair,4,246.91,296 Main St,Online,Pending,TRK15739505,8,SAVE10,Referral,987.64,259.70061670581725,0.0162002349034061,High,0.5,1,Mid,6,0
ORD201005,2023-03-02,C38065,Printer,3,392.85,426 Main St,Credit Card,Returned,TRK11448295,6,FREESHIP,Google,1178.55,329.25127275041365,0.007636502481863306,Mid,0.5,1,Premium,3,0
ORD201006,2024-05-27,C27435,Tablet,5,420.98,860 Main St,Cash,Delivered,TRK91458233,7,SAVE10,Facebook,2104.9,528.7269795081319,0.011877048790916432,Top,0.7142857142857143,1,Premium,5,0
ORD201007,2024-03-20,C46651,Monitor,2,73.26,839 Main St,Cash,Pending,TRK60444502,4,WINTER15,Facebook,146.52,47.04205000455001,0.0273000273000273,Low,0.5,1,Budget,3,0
ORD201008,2023-01-13,C62557,Monitor,3,410.88,257 Main St,Cash,Delivered,TRK12742366,8,FREESHIP,Instagram,1232.64,344.6928835669782,0.0073014018691588784,Mid,0.375,1,Premium,1,0
ORD201009,2023-09-02,C54494,Tablet,2,176.46,696 Main St,Credit Card,Delivered,TRK95958645,2,FREESHIP,Email,352.92,111.12272233556236,0.011334013374135782,Low,1.0,1,Budget,9,1
ORD201010,2023-03-31,C33729,Monitor,3,659.57,533 Main St,Credit Card,Cancelled,TRK35649833,6,SAVE10,Email,1978.71,551.5174247363182,0.004548417908637446,Mid,0.5,1,Luxury,3,0
ORD201011,2024-12-03,C47823,Phone,2,478.36,654 Main St,Online,Shipped,TRK22271097,3,FREESHIP,Google,956.72,300.0173634919308,0.004180951584580651,Low,0.6666666666666666,1,Premium,12,0
ORD201012,2024-12-03,C84570,Printer,4,30.05,301 Main St,Online,Returned,TRK12551882,6,FREESHIP,Facebook,120.2,33.39079495165162,0.13311148086522462,High,0.6666666666666666,1,Budget,12,0
ORD201013,2025-04-26,C91123,Laptop,4,300.56,842 Main St,Cash,Cancelled,TRK49568409,9,FREESHIP,Facebook,1202.24,315.7938847484695,0.013308490817141336,High,0.4444444444444444,1,Mid,4,1
ORD201014,2024-02-04,C92548,Tablet,5,226.45,160 Main St,Debit Card,Returned,TRK21682892,6,FREESHIP,Email,1132.25,285.3578466548907,0.0220799293442261,Top,0.8333333333333334,1,Mid,2,1
ORD201015,2024-01-26,C97454,Printer,2,349.4,892 Main St,Online,Shipped,TRK73249329,2,SAVE10,Instagram,698.8,219.20928734974237,0.005724098454493417,Low,1.0,1,Mid,1,0
ORD201016,2023-12-29,C20257,Tablet,5,268.78,669 Main St,Debit Card,Delivered,TRK62135578,7,WINTER15,Email,1343.9,338.4781004290994,0.018602574596324133,Top,0.7142857142857143,1,Mid,12,0
ORD201017,2024-08-25,C51694,Chair,2,680.85,953 Main St,Gift Card,Delivered,TRK83122112,6,FREESHIP,Referral,1361.7,427.19840625076495,0.0029375045898509216,Low,0.3333333333333333,1,Luxury,8,1
ORD201018,2023-07-08,C77499,Laptop,3,182.48,209 Main St,Cash,Delivered,TRK20703086,3,FREESHIP,Instagram,547.4399999999999,153.31940669297092,0.016440157825515125,Mid,1.0,1,Budget,7,1
ORD201019,2024-04-06,C28386,Desk,1,277.09,293 Main St,Cash,Returned,TRK32954229,2,SAVE10,Referral,277.09,116.07976815595413,0.0036089357248547406,Low,0.5,1,Mid,4,1
ORD201020,2024-04-22,C50211,Tablet,2,26.5,312 Main St,Online,Delivered,TRK47787981,3,SAVE10,Instagram,53.0,17.609544951651618,0.07547169811320754,Low,0.6666666666666666,1,Budget,4,0
ORD201021,2023-10-23,C74519,Phone,3,315.27,309 Main St,Credit Card,Cancelled,TRK97351945,4,SAVE10,Email,945.81,264.1849192755416,0.009515653249595584,Mid,0.75,1,Mid,10,0
ORD201022,2025-02-24,C19071,Tablet,3,450.98,396 Main St,Credit Card,Shipped,TRK66537096,8,SAVE10,Referral,1352.94,378.1094420299496,0.0066521796975475625,Mid,0.375,1,Premium,2,0
ORD201023,2024-09-23,C65251,Laptop,5,233.67,291 Main St,Cash,Shipped,TRK32059025,10,FREESHIP,Referral,1168.35,295.2160662829346,0.02139769760773741,Top,0.5,1,Mid,9,0
ORD201024,2024-01-29,C90612,Chair,3,367.75,731 Main St,Cash,Pending,TRK93022878,7,FREESHIP,Facebook,1103.25,308.54302628597327,0.008157715839564922,Mid,0.42857142857142855,1,Premium,1,0
ORD201025,2025-05-17,C28406,Chair,1,23.53,174 Main St,Gift Card,Delivered,TRK98841457,2,FREESHIP,Instagram,23.53,10.434544951651619,0.042498937526561836,Low,0.5,1,Budget,5,1
ORD201026,2023-05-01,C55454,Monitor,1,677.48,807 Main St,Online,Delivered,TRK13281370,1,WINTER15,Facebook,677.48,282.7002460097223,0.0014760583338253527,Low,1.0,1,Luxury,5,0
ORD201027,2024-05-21,C93467,Laptop,4,554.83,983 Main St,Cash,Returned,TRK77377373,6,FREESHIP,Google,2219.32,580.0324515692495,0.00720941549663861,High,0.6666666666666666,1,Luxury,5,0
ORD201028,2023-02-17,C60042,Desk,4,440.31,610 Main St,Cash,Cancelled,TRK84651559,6,FREESHIP,Instagram,1761.24,460.7410974181069,0.009084508641638846,High,0.6666666666666666,1,Premium,2,0
ORD201029,2025-03-01,C44733,Desk,1,87.06,851 Main St,Credit Card,Shipped,TRK41500198,4,FREESHIP,Email,87.06,37.31858105521096,0.011486331265793705,Low,0.25,1,Budget,3,1
ORD201030,2023-10-02,C61773,Phone,4,245.28,176 Main St,Credit Card,Delivered,TRK12936357,6,WINTER15,Email,981.12,257.58605131550337,0.016307893020221786,High,0.6666666666666666,1,Mid,10,0
ORD201031,2023-02-28,C59183,Phone,5,664.51,136 Main St,Debit Card,Pending,TRK18129706,8,SAVE10,Email,3322.55,833.3470873902074,0.007524341243924095,Top,0.625,1,Luxury,2,0
ORD201032,2023-04-20,C26188,Chair,1,618.68,990 Main St,Online,Delivered,TRK61634201,6,WINTER15,Referral,618.68,259.2419360574125,0.0016163444753345834,Low,0.16666666666666666,1,Luxury,4,0
ORD201033,2024-12-24,C20338,Monitor,1,370.85,331 Main St,Gift Card,Delivered,TRK30654048,2,FREESHIP,Referral,370.85,155.14628275133703,0.0026965080221113655,Low,0.5,1,Premium,12,0
ORD201034,2024-06-16,C84524,Printer,4,517.98,766 Main St,Cash,Cancelled,TRK76751888,8,FREESHIP,Facebook,2071.92,542.0637870509801,0.007722305880535928,High,0.5,1,Premium,6,1
ORD201035,2023-11-12,C70315,Laptop,4,506.11,911 Main St,Cash,Cancelled,TRK97732085,5,FREESHIP,Referral,2024.44,529.0742339033675,0.007903420205093754,High,0.8,1,Premium,11,1
ORD201036,2024-05-31,C98278,Phone,3,413.83,552 Main St,Gift Card,Shipped,TRK49684737,8,SAVE10,Facebook,1241.49,347.15120822559993,0.007249353599304062,Mid,0.375,1,Premium,5,0
ORD201037,2023-12-13,C32347,Printer,1,249.81,408 Main St,Cash,Pending,TRK54073964,1,SAVE10,Google,249.81,104.50483384038536,0.004003042312157239,Low,1.0,1,Mid,12,0
ORD201038,2025-03-15,C77961,Tablet,3,362.53,422 Main St,Debit Card,Returned,TRK28969024,5,FREESHIP,Facebook,1087.59,303.77637919620446,0.008275177226712272,Mid,0.6,1,Mid,3,1
ORD201039,2025-06-28,C49137,Desk,2,299.23,177 Main St,Credit Card,Cancelled,TRK79362428,2,WINTER15,Instagram,598.46,187.85319730363491,0.006683821809310563,Low,1.0,1,Mid,6,1
ORD201040,2023-11-15,C13169,Tablet,1,536.07,932 Main St,Debit Card,Delivered,TRK66288666,5,FREESHIP,Google,536.07,224.61281090467045,0.0018654280224597532,Low,0.2,1,Luxury,11,0
ORD201041,2023-02-11,C21167,Monitor,4,558.9,948 Main St,Gift Card,Shipped,TRK97737564,9,WINTER15,Google,2235.6,584.8970261525616,0.007156915369475756,High,0.4444444444444444,1,Luxury,2,1
ORD201042,2024-12-09,C59724,Tablet,2,409.75,414 Main St,Debit Card,Shipped,TRK67878272,2,WINTER15,Facebook,819.5,256.92789683750254,0.004881025015253203,Low,1.0,1,Premium,12,0
ORD201043,2025-01-11,C43965,Tablet,2,179.96,675 Main St,Gift Card,Shipped,TRK94346739,5,FREESHIP,Instagram,359.92,113.93518559679929,0.011113580795732384,Low,0.4,1,Budget,1,1
ORD201044,2025-06-22,C63018,Printer,1,38.49,215 Main St,Credit Card,Delivered,TRK52335337,4,FREESHIP,Referral,38.49,17.083496795704512,0.025980774227071967,Low,0.25,1,Budget,6,1
ORD201045,2024-09-20,C11893,Laptop,5,316.4,671 Main St,Gift Card,Returned,TRK72012758,7,FREESHIP,Email,1582.0,398.0026337968816,0.015802781289506955,Top,0.7142857142857143,1,Mid,9,0
ORD201046,2024-10-07,C85421,Tablet,3,547.15,466 Main St,Online,Shipped,TRK16524006,4,WINTER15,Instagram,1641.45,457.41758049285687,0.005482957141551677,Mid,0.75,1,Luxury,10,0
ORD201047,2023-06-23,C81726,Chair,4,540.34,394 Main St,Gift Card,Shipped,TRK69872994,6,WINTER15,Referral,2161.36,564.9387337910699,0.007402746418921419,High,0.6666666666666666,1,Luxury,6,0
ORD201048,2024-09-09,C57601,Monitor,4,73.65,889 Main St,Debit Card,Shipped,TRK21153699,9,FREESHIP,Google,294.6,79.43246161831829,0.05431093007467752,High,0.4444444444444444,1,Budget,9,0
ORD201049,2024-07-18,C60575,Desk,5,391.86,587 Main St,Credit Card,Shipped,TRK44468232,6,FREESHIP,Instagram,1959.3,492.1187932765103,0.012759659061909866,Top,0.8333333333333334,1,Premium,7,0
ORD201050,2023-08-20,C70659,Laptop,5,69.7,722 Main St,Online,Returned,TRK49663597,9,FREESHIP,Instagram,348.5,90.04704495165161,0.07173601147776183,Top,0.5555555555555556,1,Budget,8,1
ORD201051,2025-03-05,C35043,Monitor,5,26.43,820 Main St,Gift Card,Shipped,TRK65097450,5,FREESHIP,Facebook,132.15,35.12621161831829,0.18917896329928113,Top,1.0,1,Budget,3,0
ORD201052,2023-09-11,C12301,Tablet,1,531.74,493 Main St,Online,Shipped,TRK25145796,1,WINTER15,Google,531.74,221.9753134363912,0.0018806183473125964,Low,1.0,1,Luxury,9,0
ORD201053,2024-09-15,C32798,Phone,2,496.62,679 Main St,Online,Pending,TRK37375451,2,SAVE10,Instagram,993.24,311.2215045373391,0.0040272240344730375,Low,1.0,1,Premium,9,1
ORD201054,2023-11-29,C42949,Printer,1,660.66,447 Main St,Debit Card,Delivered,TRK46415143,3,WINTER15,Instagram,660.66,276.10858560631283,0.001513637877274241,Low,0.3333333333333333,1,Luxury,11,0
ORD201055,2023-10-23,C10787,Monitor,4,274.82,932 Main St,Debit Card,Delivered,TRK91512567,9,WINTER15,Email,1099.28,288.98159249690707,0.014554981442398661,High,0.4444444444444444,1,Mid,10,0
ORD201056,2024-06-14,C26152,Phone,2,486.35,790 Main St,Online,Pending,TRK49382455,6,SAVE10,Referral,972.7,305.63610204413834,0.004112264829855042,Low,0.3333333333333333,1,Premium,6,0
ORD201057,2024-09-24,C46210,Laptop,3,428.88,535 Main St,Debit Card,Shipped,TRK81611937,3,WINTER15,Facebook,1286.64,358.6511658272711,0.006994963626189144,Mid,1.0,1,Premium,9,0
ORD201058,2023-09-08,C32943,Desk,2,412.14,127 Main St,Credit Card,Returned,TRK26949106,2,FREESHIP,Instagram,824.28,258.4216421199916,0.004852719949531713,Low,1.0,1,Premium,9,0
ORD201059,2024-09-22,C73629,Desk,1,265.64,601 Main St,Credit Card,Returned,TRK11492924,3,WINTER15,Instagram,265.64,111.51729408221651,0.003764493299201928,Low,0.3333333333333333,1,Mid,9,1
ORD201060,2024-05-07,C38024,Tablet,2,273.43,824 Main St,Cash,Shipped,TRK93370912,7,WINTER15,Referral,546.86,172.7699690810567,0.00731448634019676,Low,0.2857142857142857,1,Mid,5,0
ORD201061,2025-01-29,C25445,Laptop,5,131.7,830 Main St,Cash,Shipped,TRK12402431,8,FREESHIP,Google,658.5,167.33871161831829,0.037965072133637055,Top,0.625,1,Budget,1,0
ORD201062,2023-08-23,C13501,Chair,5,85.52,301 Main St,Gift Card,Cancelled,TRK65149372,5,FREESHIP,Facebook,427.6,108.98871161831828,0.05846585594013096,Top,1.0,1,Budget,8,0
ORD201063,2024-06-19,C42108,Desk,2,320.68,336 Main St,Credit Card,Shipped,TRK58407918,5,FREESHIP,Referral,641.36,201.88437279115215,0.006236746912810278,Low,0.4,1,Mid,6,0
ORD201064,2025-02-12,C32121,Laptop,4,198.81,654 Main St,Cash,Returned,TRK96074264,9,FREESHIP,Referral,795.24,209.80543661871468,0.02011971228811428,High,0.4444444444444444,1,Mid,2,0
ORD201065,2023-10-30,C47778,Printer,5,666.8,488 Main St,Debit Card,Delivered,TRK79504329,7,SAVE10,Referral,3330.4075,835.2528122500499,0.007498500299940013,Top,0.7142857142857143,1,Luxury,10,0
ORD201066,2023-12-20,C10791,Desk,1,355.09,674 Main St,Debit Card,Cancelled,TRK20321248,5,SAVE10,Instagram,355.09,149.20463603124088,0.0028161874454363683,Low,0.2,1,Mid,12,0
ORD201067,2023-06-06,C78959,Phone,2,316.2,384 Main St,Online,Returned,TRK37426359,2,FREESHIP,Instagram,632.4,198.45938751844824,0.006325110689437066,Low,1.0,1,Mid,6,0
ORD201068,2024-08-03,C29914,Laptop,1,133.39,469 Main St,Debit Card,Shipped,TRK22073506,2,SAVE10,Referral,133.39,56.205416135642345,0.007496813854112003,Low,0.5,1,Budget,8,1
ORD201069,2023-02-25,C70506,Monitor,1,454.23,255 Main St,Gift Card,Returned,TRK12518384,3,FREESHIP,Facebook,454.23,190.09620025464338,0.0022015278603350723,Low,0.3333333333333333,1,Premium,2,1
ORD201070,2024-09-06,C46873,Desk,4,491.29,496 Main St,Debit Card,Pending,TRK10926575,6,FREESHIP,Email,1965.16,513.8451069717818,0.008141830690630788,High,0.6666666666666666,1,Premium,9,0
ORD201071,2025-06-24,C94037,Phone,2,255.14,216 Main St,Cash,Shipped,TRK47536985,2,FREESHIP,Google,510.28,160.2971398055969,0.007838833581563063,Low,1.0,1,Mid,6,0
ORD201072,2023-02-26,C88644,Monitor,1,392.61,977 Main St,Gift Card,Cancelled,TRK14900878,4,SAVE10,Referral,392.61,164.62959117614596,0.002547056875780036,Low,0.25,1,Premium,2,1
ORD201073,2024-10-11,C69471,Tablet,4,362.06,294 Main St,Debit Card,Returned,TRK11107152,4,FREESHIP,Facebook,1448.24,378.81434131543574,0.011047892614483787,High,1.0,1,Mid,10,0
ORD201074,2024-05-10,C21437,Phone,1,222.73,120 Main St,Online,Returned,TRK81624772,4,FREESHIP,Google,222.73,93.84658162349031,0.00448974094194765,Low,0.25,1,Mid,5,0
ORD201075,2024-08-31,C40949,Monitor,2,552.63,609 Main St,Debit Card,Delivered,TRK43066749,7,WINTER15,Instagram,1105.26,347.26935317632655,0.003619057959213217,Low,0.2857142857142857,1,Luxury,8,1
ORD201076,2023-05-08,C99116,Laptop,4,686.61,176 Main St,Cash,Shipped,TRK52711973,6,FREESHIP,Referral,2746.44,717.303054287247,0.0058257234820349255,High,0.6666666666666666,1,Luxury,5,0
ORD201077,2025-03-07,C57861,Printer,3,305.16,115 Main St,Credit Card,Cancelled,TRK47775217,8,SAVE10,Referral,915.48,256.593305151396,0.009830908375933936,Mid,0.375,1,Mid,3,0
ORD201078,2023-03-18,C62627,Desk,1,41.09,881 Main St,Online,Returned,TRK90060232,4,WINTER15,Email,41.09,18.166556136935185,0.024336821611097587,Low,0.25,1,Budget,3,1
ORD201079,2024-06-20,C89979,Phone,5,634.0,144 Main St,Gift Card,Delivered,TRK99055909,8,FREESHIP,Email,3170.0,795.2096477392219,0.007886435331230283,Top,0.625,1,Luxury,6,0
ORD201080,2023-01-20,C70613,Laptop,5,464.74,438 Main St,Gift Card,Delivered,TRK33140293,7,FREESHIP,Referral,2323.7,583.4267931172984,0.010758703791367216,Top,0.7142857142857143,1,Premium,1,0
ORD201081,2023-04-21,C55636,Monitor,4,425.6,494 Main St,Credit Card,Pending,TRK85897054,5,FREESHIP,Google,1702.4,445.2098997493734,0.009398496240601503,High,0.8,1,Premium,4,0
ORD201082,2023-10-06,C96595,Chair,3,573.22,177 Main St,Debit Card,Pending,TRK59779174,5,SAVE10,Email,1719.66,479.3508722654479,0.005233592686926485,Mid,0.6,1,Luxury,10,0
ORD201083,2024-07-09,C68508,Chair,1,123.28,895 Main St,Credit Card,Delivered,TRK98960285,3,SAVE10,Email,123.28,52.201351935972305,0.008111615833874108,Low,0.3333333333333333,1,Budget,7,0
ORD201084,2023-01-08,C45175,Phone,1,70.82,128 Main St,Gift Card,Pending,TRK41792296,1,WINTER15,Instagram,70.82,29.927353384166427,0.014120304998587971,Low,1.0,1,Budget,1,1
ORD201085,2023-05-21,C28049,Printer,2,646.69,404 Main St,Debit Card,Shipped,TRK91426444,7,WINTER15,Instagram,1293.38,406.05676544531894,0.003092671913900014,Low,0.2857142857142857,1,Luxury,5,1
ORD201086,2023-12-23,C46967,Tablet,2,513.42,401 Main St,Online,Pending,TRK91439791,5,WINTER15,Instagram,1026.84,322.34648257437055,0.003895446223364887,Low,0.4,1,Premium,12,1
ORD201087,2025-03-23,C84134,Laptop,4,693.07,530 Main St,Online,Shipped,TRK48659380,8,SAVE10,Instagram,2772.28,724.4488785704666,0.005771422800005771,High,0.5,1,Luxury,3,1
ORD201088,2023-11-30,C49831,Desk,3,491.43,213 Main St,Gift Card,Shipped,TRK21232601,6,WINTER15,Instagram,1474.29,411.4010174389028,0.0061046334167633234,Mid,0.5,1,Premium,11,0
ORD201089,2025-03-15,C13324,Tablet,2,599.74,440 Main St,Gift Card,Shipped,TRK66967997,2,FREESHIP,Instagram,1199.48,375.671389129734,0.0033347784039750557,Low,1.0,1,Luxury,3,1
ORD201090,2023-02-25,C61225,Monitor,2,650.25,996 Main St,Gift Card,Returned,TRK37022954,6,FREESHIP,Instagram,1300.5,408.0734292900167,0.0030757400999615533,Low,0.3333333333333333,1,Luxury,2,1
ORD201091,2024-10-08,C16400,Laptop,3,209.48,123 Main St,Debit Card,Pending,TRK57771859,4,FREESHIP,Email,628.4399999999999,176.02738686270763,0.014321176245942334,Mid,0.75,1,Mid,10,0
ORD201092,2023-08-21,C38642,Laptop,5,209.2,930 Main St,Debit Card,Delivered,TRK47744396,6,WINTER15,Email,1046.0,263.7956500956023,0.023900573613766733,Top,0.8333333333333334,1,Mid,8,0
ORD201093,2023-06-09,C86773,Phone,4,197.36,557 Main St,Gift Card,Returned,TRK22612240,9,FREESHIP,Instagram,789.44,208.2950445885691,0.020267531414673693,High,0.4444444444444444,1,Mid,6,0
ORD201094,2023-06-28,C66093,Printer,4,648.91,615 Main St,Credit Card,Shipped,TRK54950785,6,SAVE10,Instagram,2595.64,678.0322773638358,0.006164183014593704,High,0.6666666666666666,1,Luxury,6,0
ORD201095,2024-04-23,C33051,Phone,2,441.54,397 Main St,Online,Delivered,TRK92929755,2,SAVE10,Email,883.08,276.7965882668237,0.004529600942156996,Low,1.0,1,Premium,4,0
ORD201096,2025-05-03,C18169,Tablet,2,464.92,782 Main St,Debit Card,Returned,TRK49482923,2,FREESHIP,Facebook,929.84,291.409050302561,0.004301815366084488,Low,1.0,1,Premium,5,1
ORD201097,2024-12-26,C81370,Monitor,5,506.45,344 Main St,Gift Card,Shipped,TRK99682998,7,WINTER15,Google,2532.25,635.5641454404844,0.009872642906506073,Top,0.7142857142857143,1,Premium,12,0
ORD201098,2023-06-17,C91103,Monitor,4,255.86,155 Main St,Credit Card,Delivered,TRK91653000,7,FREESHIP,Email,1023.44,268.8151055915996,0.015633549597436097,High,0.5714285714285714,1,Mid,6,1
ORD201099,2024-09-19,C21953,Laptop,2,125.23,272 Main St,Cash,Cancelled,TRK60774796,3,FREESHIP,Email,250.46,79.31307843567836,0.015970614070110994,Low,0.6666666666666666,1,Budget,9,0
ORD201100,2023-08-17,C15146,Laptop,5,38.11,428 Main St,Debit Card,Cancelled,TRK79790530,6,WINTER15,Instagram,190.55,49.934544951651624,0.13119916032537393,Top,0.8333333333333334,1,Budget,8,0
ORD201101,2025-06-08,C43546,Monitor,3,161.97,904 Main St,Cash,Pending,TRK85871121,4,SAVE10,Email,485.91,136.4364203247515,0.018521948508983144,Mid,0.75,1,Budget,6,1
ORD201102,2024-06-03,C98474,Chair,4,347.17,997 Main St,Debit Card,Shipped,TRK86192984,8,FREESHIP,Instagram,1388.68,364.1373369554781,0.01152173286862344,High,0.5,1,Mid,6,0
ORD201103,2023-04-24,C90292,Laptop,4,276.32,129 Main St,Online,Delivered,TRK26270357,5,FREESHIP,Google,1105.28,289.71074599498166,0.01447596988998263,High,0.8,1,Mid,4,0
ORD201104,2024-07-25,C17075,Tablet,4,314.76,850 Main St,Online,Shipped,TRK63547510,8,FREESHIP,Instagram,1259.04,330.37711801584277,0.012708095056551023,High,0.5,1,Mid,7,0
ORD201105,2024-01-08,C12487,Tablet,3,475.69,884 Main St,Gift Card,Cancelled,TRK23324770,3,FREESHIP,Google,1427.07,397.65938443804436,0.00630662826630789,Mid,1.0,1,Premium,1,0
ORD201106,2023-03-12,C34555,Chair,1,372.8,903 Main St,Cash,Cancelled,TRK72859458,6,SAVE10,Facebook,372.8,156.79211373390558,0.002682403433476395,Low,0.16666666666666666,1,Premium,3,1
ORD201107,2025-06-30,C25110,Tablet,2,63.21,282 Main St,Online,Cancelled,TRK80963328,4,SAVE10,Google,126.42,40.76152342720034,0.031640563202025,Low,0.5,1,Budget,6,0
ORD201108,2023-03-20,C35136,Laptop,1,634.94,462 Main St,Online,Cancelled,TRK49753703,5,WINTER15,Instagram,634.94,265.80859582532736,0.001574951963965099,Low,0.2,1,Luxury,3,0
ORD201109,2024-04-08,C62277,Printer,4,77.47,474 Main St,Gift Card,Returned,TRK32026174,7,SAVE10,Instagram,309.88,82.99496161831829,0.051632890151026206,High,0.5714285714285714,1,Budget,4,0
ORD201110,2024-02-25,C12472,Chair,3,84.31,912 Main St,Credit Card,Shipped,TRK36103184,3,SAVE10,Email,252.93,71.51371161831828,0.035582967619499466,Mid,1.0,1,Budget,2,1
ORD201111,2023-05-06,C24047,Monitor,4,234.45,362 Main St,Online,Cancelled,TRK91338580,9,FREESHIP,Instagram,937.8,246.92992686784672,0.017061207080400938,High,0.4444444444444444,1,Mid,5,1
ORD201112,2023-10-13,C76929,Desk,1,356.81,563 Main St,Online,Delivered,TRK80694400,1,WINTER15,Instagram,356.81,149.08796710200573,0.002802612034416076,Low,1.0,1,Mid,10,0
ORD201113,2023-03-19,C52914,Desk,4,209.99,168 Main St,Cash,Delivered,TRK80819053,8,FREESHIP,Google,839.96,221.24275808768672,0.019048526120291443,High,0.5,1,Mid,3,1
ORD201114,2023-03-16,C55164,Tablet,3,659.88,609 Main St,Gift Card,Cancelled,TRK79610967,3,FREESHIP,Google,1979.64,551.1507577135237,0.004546281142025823,Mid,1.0,1,Luxury,3,0
ORD201115,2025-06-20,C70426,Laptop,2,336.32,562 Main St,Online,Returned,TRK89687816,3,FREESHIP,Google,672.64,211.24265778623533,0.005946717411988583,Low,0.6666666666666666,1,Mid,6,0
ORD201116,2023-10-14,C69149,Printer,2,531.49,562 Main St,Credit Card,Delivered,TRK61265132,7,WINTER15,Facebook,1062.98,334.0568771676482,0.0037630058891042163,Low,0.2857142857142857,1,Luxury,10,1
ORD201117,2024-05-20,C78684,Chair,3,588.44,858 Main St,Gift Card,Shipped,TRK95779073,8,WINTER15,Google,1765.32,492.6591830376363,0.0050982258174155385,Mid,0.375,1,Luxury,5,0
ORD201118,2024-05-24,C58168,Phone,3,251.48,359 Main St,Credit Card,Returned,TRK99102265,4,FREESHIP,Email,754.4399999999999,211.02698822968026,0.011929378081756006,Mid,0.75,1,Mid,5,0
ORD201119,2024-11-24,C99024,Laptop,1,684.65,250 Main St,Credit Card,Delivered,TRK24675988,1,FREESHIP,Email,684.65,285.68774343338447,0.0014606003067260645,Low,1.0,1,Luxury,11,1
ORD201120,2025-05-10,C22919,Tablet,1,195.86,267 Main St,Online,Pending,TRK82416295,3,FREESHIP,Facebook,195.86,82.4425176146227,0.005105687736138057,Low,0.3333333333333333,1,Mid,5,1
ORD201121,2023-05-28,C98354,Phone,3,50.34,393 Main St,Gift Card,Returned,TRK43070888,3,FREESHIP,Instagram,151.02,43.20537828498496,0.05959475566150178,Mid,1.0,1,Budget,5,1
ORD201122,2023-06-07,C38840,Monitor,5,678.19,766 Main St,Online,Returned,TRK32496970,8,FREESHIP,Facebook,3330.4075,837.8340412608683,0.007372565210339285,Top,0.625,1,Luxury,6,0
ORD201123,2023-04-14,C68936,Tablet,3,554.25,843 Main St,Debit Card,Shipped,TRK73163634,6,WINTER15,Referral,1662.75,463.75090211998196,0.005412719891745603,Mid,0.5,1,Luxury,4,0
ORD201124,2023-05-09,C33744,Chair,4,576.87,888 Main St,Gift Card,Returned,TRK40245983,5,FREESHIP,Instagram,2307.48,602.7824056618764,0.006933971258689132,High,0.8,1,Luxury,5,0
ORD201125,2023-10-16,C23555,Desk,4,408.36,156 Main St,Gift Card,Cancelled,TRK67210247,4,FREESHIP,Referral,1633.44,427.04329921311256,0.009795278675678323,High,1.0,1,Premium,10,0
ORD201126,2024-07-22,C34337,Phone,5,190.11,325 Main St,Cash,Delivered,TRK36195559,7,SAVE10,Google,950.5500000000001,240.1418834271387,0.026300562832044603,Top,0.7142857142857143,1,Mid,7,0
ORD201127,2025-03-15,C69396,Printer,3,602.75,920 Main St,Credit Card,Shipped,TRK33155049,6,SAVE10,Email,1808.25,504.1674961979815,0.004977187888842804,Mid,0.5,1,Luxury,3,1
ORD201128,2023-08-17,C49198,Monitor,3,646.79,447 Main St,Cash,Cancelled,TRK10883354,5,WINTER15,Google,1940.37,540.6591063817725,0.0046382906352912074,Mid,0.6,1,Luxury,8,0
ORD201129,2023-06-11,C43911,Chair,4,418.71,239 Main St,Cash,Pending,TRK37495481,8,FREESHIP,Instagram,1674.84,438.6578421918909,0.009553151345800197,High,0.5,1,Premium,6,1
ORD201130,2025-02-16,C24347,Laptop,2,323.45,533 Main St,Credit Card,Returned,TRK27233265,5,FREESHIP,Instagram,646.9,203.6156138893183,0.006183335909723296,Low,0.4,1,Mid,2,1
ORD201131,2024-07-18,C21043,Phone,1,694.5,195 Main St,Credit Card,Pending,TRK41691086,3,WINTER15,Facebook,694.5,290.20857331413487,0.0014398848092152627,Low,0.3333333333333333,1,Luxury,7,0
ORD201132,2024-12-02,C58858,Chair,2,337.32,948 Main St,Credit Card,Cancelled,TRK30406357,4,SAVE10,Email,674.64,212.07598818135105,0.005929088106249259,Low,0.5,1,Mid,12,0
ORD201133,2024-04-09,C20670,Printer,2,467.91,432 Main St,Gift Card,Returned,TRK76731303,5,WINTER15,Facebook,935.82,293.9027957210432,0.004274326259323374,Low,0.4,1,Premium,4,0
ORD201134,2024-06-08,C90993,Desk,4,38.28,950 Main St,Debit Card,Cancelled,TRK53964711,4,WINTER15,Facebook,153.12,41.54704495165162,0.1044932079414838,High,1.0,1,Budget,6,1
ORD201135,2023-12-28,C11473,Printer,2,73.41,562 Main St,Online,Shipped,TRK97793275,2,SAVE10,Google,146.82,46.71912404077555,0.027244244653316988,Low,1.0,1,Budget,12,0
ORD201136,2023-09-24,C71899,Tablet,3,668.33,799 Main St,Gift Card,Pending,TRK34856025,4,WINTER15,Facebook,2004.99,558.4007481334071,0.004488800442894977,Mid,0.75,1,Luxury,9,1
ORD201137,2024-07-29,C48577,Printer,4,410.21,841 Main St,Cash,Pending,TRK59911645,5,WINTER15,Instagram,1640.84,429.1787085171822,0.009751103093537456,High,0.8,1,Premium,7,0
ORD201138,2023-12-18,C13100,Desk,4,294.41,188 Main St,Debit Card,Pending,TRK55565668,4,FREESHIP,Instagram,1177.64,308.3460144158374,0.013586495023946196,High,1.0,1,Mid,12,0
ORD201139,2025-03-01,C70659,Chair,3,501.82,568 Main St,Gift Card,Cancelled,TRK28290825,4,FREESHIP,Email,1505.46,419.6426630398682,0.005978239209278227,Mid,0.75,1,Premium,3,1
ORD201140,2024-06-24,C49838,Printer,2,552.83,904 Main St,Credit Card,Cancelled,TRK38297718,3,FREESHIP,Referral,1105.66,346.5610196247792,0.0036177486749995476,Low,0.6666666666666666,1,Luxury,6,0
ORD201141,2025-02-16,C11998,Chair,3,498.66,382 Main St,Cash,Cancelled,TRK26707221,6,FREESHIP,Email,1495.98,417.4260026872018,0.006016123210203344,Mid,0.5,1,Premium,2,1
ORD201142,2024-08-23,C23405,Phone,4,695.1,484 Main St,Debit Card,Returned,TRK83678708,8,FREESHIP,Email,2780.4,726.5634590946147,0.005754567688102431,High,0.5,1,Luxury,8,0
ORD201143,2023-04-03,C41132,Chair,1,381.61,114 Main St,Debit Card,Pending,TRK51040137,5,FREESHIP,Email,381.61,160.2546034127338,0.0026204764026099944,Low,0.2,1,Premium,4,0
ORD201144,2023-02-16,C88463,Desk,5,507.94,292 Main St,Online,Cancelled,TRK88749996,9,FREESHIP,Facebook,2539.7,637.8433072803874,0.009843682324684019,Top,0.5555555555555556,1,Premium,2,0
ORD201145,2025-05-12,C28152,Desk,3,571.53,821 Main St,Debit Card,Delivered,TRK59642814,6,FREESHIP,Facebook,1714.59,478.150874844715,0.005249068290378458,Mid,0.5,1,Luxury,5,0
ORD201146,2024-10-03,C36383,Monitor,5,421.44,286 Main St,Cash,Pending,TRK93336357,5,SAVE10,Instagram,2107.2,528.8853106808402,0.01186408504176158,Top,1.0,1,Premium,10,0
ORD201147,2025-01-02,C19759,Chair,2,588.3,234 Main St,Online,Pending,TRK22515454,2,FREESHIP,Email,1176.6,368.52139993767355,0.0033996260411354754,Low,1.0,1,Luxury,1,0
ORD201148,2024-06-25,C54886,Phone,1,355.15,442 Main St,Cash,Returned,TRK66241930,2,SAVE10,Email,355.15,148.6046359519452,0.002815711671124877,Low,0.5,1,Mid,6,0
ORD201149,2024-07-25,C27305,Chair,2,695.29,957 Main St,Credit Card,Pending,TRK28789916,6,FREESHIP,Instagram,1390.58,436.22339608292936,0.002876497576550792,Low,0.3333333333333333,1,Luxury,7,0
ORD201150,2023-02-20,C17921,Desk,4,302.65,119 Main St,Credit Card,Cancelled,TRK79291524,8,SAVE10,Referral,1210.6,317.7626194311361,0.013216586816454651,High,0.5,1,Mid,2,0
ORD201151,2023-01-29,C94381,Chair,2,608.04,962 Main St,Cash,Cancelled,TRK69804304,4,FREESHIP,Google,1216.08,381.2755482095476,0.003289257285704888,Low,0.5,1,Luxury,1,1
ORD201152,2023-11-09,C25162,Tablet,2,344.18,533 Main St,Credit Card,Shipped,TRK42183078,7,FREESHIP,Referral,688.36,216.9884684854824,0.005810912894415712,Low,0.2857142857142857,1,Mid,11,0
ORD201153,2024-12-16,C98317,Monitor,4,696.71,276 Main St,Debit Card,Shipped,TRK37172138,4,FREESHIP,Instagram,2786.84,727.4072068782802,0.005741269681790127,High,1.0,1,Luxury,12,0
ORD201154,2025-06-11,C53631,Monitor,3,198.63,593 Main St,Cash,Pending,TRK67589167,8,SAVE10,Instagram,595.89,167.819183909782,0.015103458692040477,Mid,0.375,1,Mid,6,0
ORD201155,2023-08-13,C41478,Printer,4,534.57,667 Main St,Credit Card,Delivered,TRK62068126,6,FREESHIP,Facebook,2138.28,558.9283304416011,0.007482649606225564,High,0.6666666666666666,1,Luxury,8,1
ORD201156,2023-07-19,C20512,Laptop,4,690.78,980 Main St,Credit Card,Shipped,TRK98234737,9,FREESHIP,Referral,2763.12,722.271798425934,0.005790555603810186,High,0.4444444444444444,1,Luxury,7,0
ORD201157,2024-05-29,C25841,Monitor,3,301.55,242 Main St,Debit Card,Delivered,TRK21451375,5,FREESHIP,Google,904.6500000000001,252.95999143315092,0.00994859890565412,Mid,0.6,1,Mid,5,0
ORD201158,2023-04-20,C82781,Monitor,4,27.42,661 Main St,Debit Card,Pending,TRK20605418,4,SAVE10,Referral,109.68,30.234544951651625,0.14587892049598833,High,1.0,1,Budget,4,0
ORD201159,2024-02-23,C66112,Desk,4,466.7,874 Main St,Debit Card,Returned,TRK60955607,8,FREESHIP,Instagram,1866.8,488.64726180272834,0.008570816370259268,High,0.5,1,Premium,2,0
ORD201160,2024-09-04,C40466,Desk,1,541.64,449 Main St,Debit Card,Shipped,TRK70255168,5,SAVE10,Email,541.64,226.93364104078967,0.0018462447382024962,Low,0.2,1,Luxury,9,0
ORD201161,2023-10-16,C32570,Phone,1,11.39,826 Main St,Cash,Cancelled,TRK35969968,6,WINTER15,Email,11.39,6.209544951651619,0.08779631255487269,Low,0.16666666666666666,1,Budget,10,0
ORD201162,2025-03-11,C29405,Phone,2,224.37,251 Main St,Debit Card,Delivered,TRK33125798,3,WINTER15,Referral,448.74,141.27440230794375,0.00891384766234345,Low,0.6666666666666666,1,Mid,3,0
ORD201163,2024-06-11,C30643,Laptop,3,306.29,966 Main St,Credit Card,Returned,TRK19477485,7,WINTER15,Instagram,918.8700000000001,257.3266324398446,0.00979463906755036,Mid,0.42857142857142855,1,Mid,6,0
ORD201164,2024-01-08,C65890,Tablet,5,315.57,340 Main St,Debit Card,Delivered,TRK64530489,6,WINTER15,Email,1577.85,396.7568073908588,0.01584434515321482,Top,0.8333333333333334,1,Mid,1,0
ORD201165,2023-07-14,C36992,Chair,3,223.79,617 Main St,Debit Card,Pending,TRK63460217,3,FREESHIP,Google,671.37,187.74390090412143,0.01340542472854015,Mid,1.0,1,Mid,7,0
ORD201166,2023-07-31,C95568,Chair,3,324.47,971 Main St,Cash,Delivered,TRK37075292,4,WINTER15,Email,973.4100000000001,271.8515409745123,0.0092458470736894,Mid,0.75,1,Mid,7,0
ORD201167,2023-10-17,C17966,Printer,2,92.87,360 Main St,Credit Card,Pending,TRK31169396,5,FREESHIP,Facebook,185.74,59.50567257995048,0.02153547970281038,Low,0.4,1,Budget,10,0
ORD201168,2023-04-08,C89559,Laptop,2,331.42,297 Main St,Credit Card,Delivered,TRK82838108,6,WINTER15,Google,662.84,208.80517243980447,0.006034638826866212,Low,0.3333333333333333,1,Mid,4,1
ORD201169,2024-12-23,C15849,Chair,1,525.43,643 Main St,Cash,Cancelled,TRK26794546,2,SAVE10,Instagram,525.43,219.55448386718174,0.0019032030908018196,Low,0.5,1,Luxury,12,0
ORD201170,2023-08-03,C94257,Printer,2,697.19,762 Main St,Cash,Returned,TRK40220743,7,FREESHIP,Email,1394.38,437.61922810974534,0.0028686584718656317,Low,0.2857142857142857,1,Luxury,8,0
ORD201171,2023-08-28,C39911,Phone,4,518.4,699 Main St,Credit Card,Delivered,TRK80431998,7,SAVE10,Facebook,2073.6,542.2929526748972,0.00771604938271605,High,0.5714285714285714,1,Premium,8,0
ORD201172,2025-02-04,C28828,Desk,3,131.96,745 Main St,Credit Card,Pending,TRK32550359,8,FREESHIP,Instagram,395.88,112.26212236031121,0.022734161867232493,Mid,0.375,1,Budget,2,0
ORD201173,2024-10-04,C82921,Monitor,1,208.36,703 Main St,Online,Shipped,TRK31079911,4,FREESHIP,Email,208.36,87.85913323094645,0.004799385678633135,Low,0.25,1,Mid,10,0
ORD201174,2023-11-27,C50159,Printer,3,222.34,105 Main St,Credit Card,Returned,TRK53737452,5,WINTER15,Email,667.02,186.95224880813169,0.013492848790141225,Mid,0.6,1,Mid,11,0
ORD201175,2024-09-10,C62512,Printer,3,91.74,368 Main St,Debit Card,Returned,TRK24139954,8,FREESHIP,Referral,275.22,78.74704495165163,0.032701111837802485,Mid,0.375,1,Budget,9,0
ORD201176,2023-08-13,C39260,Tablet,2,213.83,374 Main St,Debit Card,Cancelled,TRK55587314,2,WINTER15,Email,427.66,134.47864220408735,0.009353224524154703,Low,1.0,1,Mid,8,1
ORD201177,2023-04-27,C23917,Printer,1,127.55,433 Main St,Cash,Shipped,TRK44434536,3,SAVE10,Referral,127.55,53.98047334378675,0.007840062720501764,Low,0.3333333333333333,1,Budget,4,0
ORD201178,2024-09-08,C65107,Monitor,1,70.24,456 Main St,Credit Card,Cancelled,TRK10261578,4,FREESHIP,Google,70.24,30.310706150341684,0.014236902050113897,Low,0.25,1,Budget,9,1
ORD201179,2023-01-08,C84630,Laptop,5,518.55,907 Main St,Credit Card,Cancelled,TRK48054997,6,WINTER15,Instagram,2592.75,650.4807737119532,0.009642271719217048,Top,0.8333333333333334,1,Premium,1,1
ORD201180,2023-10-31,C42235,Chair,4,298.36,722 Main St,Debit Card,Pending,TRK49379882,8,FREESHIP,Google,1193.44,313.293901103812,0.013406622871698618,High,0.5,1,Mid,10,0
ORD201181,2023-07-27,C70246,Desk,3,158.74,293 Main St,Online,Pending,TRK45708320,7,FREESHIP,Instagram,476.22,134.36981647137878,0.018898828272647095,Mid,0.42857142857142855,1,Budget,7,0
ORD201182,2025-06-14,C18473,Chair,2,420.29,700 Main St,Gift Card,Returned,TRK97834202,3,SAVE10,Google,840.58,263.7237097698415,0.004758619048752052,Low,0.6666666666666666,1,Premium,6,1
ORD201183,2023-04-05,C12607,Desk,1,281.52,460 Main St,Gift Card,Shipped,TRK83653396,6,WINTER15,Referral,281.52,118.75892535758264,0.0035521454958795115,Low,0.16666666666666666,1,Mid,4,0
ORD201184,2023-09-27,C10222,Laptop,1,204.08,979 Main St,Gift Card,Returned,TRK86297895,4,FREESHIP,Google,204.08,86.07581667320005,0.004900039200313603,Low,0.25,1,Mid,9,0
ORD201185,2024-07-08,C77344,Chair,1,343.31,777 Main St,Gift Card,Returned,TRK20605055,6,SAVE10,Google,343.31,144.50465213655295,0.002912819317817716,Low,0.16666666666666666,1,Mid,7,0
ORD201186,2023-11-18,C65497,Monitor,1,163.32,676 Main St,Cash,Shipped,TRK83702761,6,WINTER15,Facebook,163.32,69.50935382480202,0.006122948812147931,Low,0.16666666666666666,1,Budget,11,1
ORD201187,2024-03-13,C26340,Desk,2,184.6,562 Main St,Gift Card,Delivered,TRK59962703,7,WINTER15,Email,369.2,117.25180570603106,0.010834236186348862,Low,0.2857142857142857,1,Budget,3,0
ORD201188,2023-10-07,C75619,Printer,2,371.29,924 Main St,Gift Card,Shipped,TRK23086941,5,WINTER15,Facebook,742.58,233.51548110416834,0.005386625010099922,Low,0.4,1,Premium,10,1
ORD201189,2024-08-17,C96136,Tablet,5,389.22,149 Main St,Cash,Cancelled,TRK60856682,7,FREESHIP,Referral,1946.1,489.02714103420516,0.01284620523097477,Top,0.7142857142857143,1,Premium,8,1
ORD201190,2025-06-08,C46886,Desk,3,616.39,754 Main St,Credit Card,Shipped,TRK82791646,6,FREESHIP,Instagram,1849.17,515.5341445080766,0.004867048459579163,Mid,0.5,1,Luxury,6,1
ORD201191,2025-02-10,C44148,Desk,4,376.43,809 Main St,Gift Card,Pending,TRK67872709,5,WINTER15,Instagram,1505.72,393.9913543576052,0.010626145631325877,High,0.8,1,Premium,2,0
ORD201192,2024-02-28,C72007,Chair,3,432.85,999 Main St,Online,Pending,TRK16240916,4,FREESHIP,Instagram,1298.55,362.1678218012398,0.006930807439066651,Mid,0.75,1,Premium,2,0
ORD201193,2025-06-16,C45104,Tablet,1,687.89,348 Main St,Cash,Returned,TRK38559816,1,FREESHIP,Email,687.89,287.0377422867997,0.0014537207983834626,Low,1.0,1,Luxury,6,0
ORD201194,2023-11-19,C29885,Printer,3,189.44,725 Main St,Cash,Pending,TRK62067865,4,FREESHIP,Email,568.3199999999999,159.32763935810812,0.01583614864864865,Mid,0.75,1,Mid,11,1
ORD201195,2024-06-20,C21126,Desk,1,107.04,392 Main St,Credit Card,Cancelled,TRK38009181,6,FREESHIP,Google,107.04,46.059890383657205,0.009342301943198803,Low,0.16666666666666666,1,Budget,6,0
ORD201196,2024-03-04,C20095,Monitor,2,662.53,778 Main St,Online,Cancelled,TRK69207593,5,FREESHIP,Facebook,1325.06,415.5400864552045,0.0030187312272651804,Low,0.4,1,Luxury,3,0
ORD201197,2023-07-13,C79674,Tablet,2,436.84,275 Main St,Online,Delivered,TRK88039356,2,FREESHIP,Instagram,873.68,273.8590963892196,0.004578335317278638,Low,1.0,1,Premium,7,0
ORD201198,2024-08-22,C64753,Chair,4,262.52,509 Main St,Debit Card,Cancelled,TRK71683331,4,WINTER15,Instagram,1050.08,275.1275394890548,0.015236934328813043,High,1.0,1,Mid,8,0
ORD201199,2023-06-11,C57502,Tablet,4,560.58,201 Main St,Gift Card,Returned,TRK51116746,6,SAVE10,Referral,2242.32,586.0220225778063,0.0071354668379178705,High,0.6666666666666666,1,Luxury,6,1
